Gephyrocapsa huxleyi HET,lat,lon,temperature,sio4,po4,no3,o2,DIC,TA,PAR
1130,-64,-170,-0.6302923123,59.3879585464,2.1685703333,30.9622534157,303.964002075,2187.5149943138,2301.7298275498,0.0098580543
96109,-64,175,1.2363834843,26.2321904864,1.4218147931,24.3505415382,330.7186149241,2144.2439984407,2280.6265350955,75.7801752736
796,-63,-142,-0.5423835287,43.4887049953,1.6832767355,24.9074319065,355.589080133,2150.5320805399,2289.2771731259,2.7268776961
1180,-63,-142,-0.7687070244,43.9533628637,1.7141468759,25.0920204554,355.1326776286,2158.5494363834,2292.5224989585,0.5538054209
441,-63,-66,1.9326910889,31.6850839808,1.56493202,23.643662046,340.4401807878,2129.0275809715,2284.5460969325,39.4301868684
30988,-63,-66,0.9229104916,37.3685205315,1.802074662,25.2701924237,329.7393444979,2164.8010940928,2302.1945576986,1.3364047192
5812,-63,-66,-0.5349544486,52.3278683956,2.1128173788,30.1487960282,290.3508336745,2204.215356589,2314.9606220537,0.034181903
455,-63,-65,1.8211331889,35.4113355602,1.5741227314,22.8487818108,341.2859918029,2132.0727275876,2287.5262653791,38.6240959042
455,-63,-64,1.7059086408,38.3983115895,1.5799957719,22.0157589474,341.6532509383,2137.4126908319,2291.7729947681,37.6876719936
12796,-63,-64,1.6803153526,39.6704284784,1.6113930156,22.3213489339,337.9824160076,2148.4347793283,2297.0640344239,7.5456440182
2316,-63,-64,0.714936971,44.6738898622,1.7983372273,23.5613741244,327.0286156614,2169.8887985083,2304.8540930613,1.0837523386
9597,-63,-64,-0.3147084041,54.0710169018,1.993184423,26.6021314848,303.9644746547,2195.4580875384,2312.8073120459,0.1632722028
119403,-63,172,2.0179730339,23.1738398487,1.551113381,24.2255006273,328.5856772879,2137.7279025604,2279.3441876017,76.4480728148
2906,-62,-170,1.794110053,18.9358397362,1.4038301676,22.279236417,361.6698030614,2128.6413339605,2286.1289652418,31.7886424122
2199,-62,-170,1.2258438439,23.8537467213,1.6029597737,24.0671767727,361.0429949704,2137.5854585268,2288.2330643596,3.0178030762
846,-62,-170,0.7546415049,35.1447047589,1.9435208318,27.3655963166,338.830742147,2151.3218492138,2286.700702466,0.331243371
8630,-62,-170,0.3447572458,40.0610955402,2.075951358,29.0326952945,324.5805402806,2165.6756745887,2291.8920781978,0.0117103086
1018,-62,-170,0.7717287769,43.7108724368,2.1410305584,30.691589489,294.2463030784,2181.7638355228,2299.1476891226,0.0002179979
710,-62,-140,-0.0416874511,41.8814508818,1.791533729,24.8441049318,352.7937079399,2149.5562486854,2291.7353846823,15.7467907181
800,-62,-140,-0.9641555758,43.5120116168,1.8397072403,25.2505920956,343.9629464533,2177.7681375546,2301.4972801093,0.0354875713
61329,-62,-68,2.8016472842,14.9308840955,1.581492323,24.7166726308,333.4135654444,2127.13356897,2277.3359838479,44.0068927623
288986,-62,-68,2.9268319074,15.1775466824,1.5903658975,25.0943060891,332.9998961488,2129.1706257947,2279.3356229837,31.3172224514
181289,-62,-68,1.827880343,19.7048997186,1.7303245097,25.7774767328,335.4014257795,2149.6205860937,2293.308677674,2.1001346481
65706,-62,-68,0.3276221369,26.5230328021,1.853745025,27.7604848334,325.8212956631,2171.5127309512,2301.3176532511,0.3932350205
15749,-62,-68,-0.0852927796,31.9329881559,1.9999469633,29.3549735524,312.5376823241,2185.2474745489,2306.1292533185,0.0742237286
2982,-62,-67,2.6632401943,17.9698465765,1.5859965258,24.4237602339,335.2472611458,2128.1030393854,2278.9816397022,43.9987692047
104083,-61,-170,2.3619286635,13.6713475555,1.4492056095,22.2986261081,354.4304130165,2130.1610658761,2284.9583116507,12.7570751586
153939,-61,-170,1.8938139352,18.1818993878,1.6400669201,24.0401535942,351.8437495764,2135.3596711402,2285.2830271051,2.0523006261
37711,-61,-170,1.4902159457,26.066054972,1.8733037444,26.2837501891,337.7786982916,2143.124774987,2283.8407824403,0.3563346238
14251,-61,-170,1.0073725623,30.6459420315,1.9999021314,27.7633134325,328.9866307228,2154.9928166871,2287.5511162607,0.0127307166
17374,-61,-170,1.1068676044,33.4481421734,2.0448177908,29.1027618242,311.7284189028,2166.1539734314,2291.9844848001,0.0002439714
69592,-61,-116,3.2243606614,3.4948806113,1.5693980497,23.0278391322,326.6221593839,2128.3241601895,2282.8558507544,14.4871867583
69387,-61,-116,3.1344372885,4.4444455693,1.5834531045,20.6928149345,322.1978711547,2130.8858718004,2281.8057030186,2.7707120727
132744,-61,-116,2.9065857545,7.5442350833,1.6640492631,21.1626797616,322.1659319535,2133.5902684767,2282.5883155824,0.5626717875
77228,-61,-116,2.4044003909,23.1410193307,1.9332915034,23.8822369714,320.2151814736,2141.1445540887,2282.4314526412,0.0263437096
216317.666666667,-61,-69,3.7117542093,5.964122452,1.5623121054,24.069174482,325.4875925747,2120.477601269,2272.3774774802,46.8239081016
236584,-61,-68,3.6585310311,8.1867849349,1.5886178962,24.5785824565,327.1438084494,2122.3849617364,2274.4264342527,33.4630363695
76776,-61,-68,2.6384109284,11.6875067525,1.676473765,24.8672160074,333.0952931079,2137.8378397876,2285.8832127248,2.4386822353
86127,-61,-68,0.6483777518,22.1905996579,1.9222616677,28.1899780925,318.2282175586,2171.5480392133,2300.3000457534,0.095007571
5072,-61,-68,1.2987220044,36.6018373176,2.1398574196,31.6756453758,272.795794492,2187.1812988265,2302.4541134268,0.000768085
72340,-61,-56,1.5319387513,47.9945781743,1.6562943593,23.3712565161,333.6655832005,2162.4633144486,2305.2512959922,37.0216179503
457,-61,-55,0.6575086298,58.4152336771,1.8618148424,25.7418293468,320.0555396409,2181.7449820968,2311.30301097,0.6556619347
918,-61,-55,-0.1646206933,68.4517560086,2.0652338383,27.3126134509,295.4565732065,2210.0803193838,2323.1973621656,0.0115084959
86970,-61,174,4.0544587743,2.0711981236,1.5063780825,18.3609922207,313.4725631826,2120.6310326802,2275.4725488991,78.2817258902
312074,-60,-172,3.5100492754,7.3690664572,1.4569943898,21.806450841,338.9461321547,2123.5230106959,2282.3220410024,31.4548666198
269940,-60,-172,3.3574436814,8.1730343119,1.4881499757,22.0332604987,341.5299224615,2124.7505609463,2282.4801883415,11.5683359188
351038,-60,-172,2.9137638502,11.0258430105,1.6220383581,23.516717048,339.4585466648,2128.9052106856,2282.4203419033,1.6737402774
113604,-60,-172,2.4775989093,15.9017951227,1.7942188494,25.0339563943,326.9772653187,2135.423517596,2280.5612994392,0.2619838953
2669,-60,-172,2.0846648437,17.6812953404,1.8481592131,25.4143177162,326.9036272599,2140.8006082744,2281.7338301774,0.0438297309
10273,-60,-172,1.9458332284,18.6453396905,1.9085525699,25.8435855664,324.1753727463,2144.5655451674,2282.9631576106,0.0077539855
10724,-60,-172,1.7214991478,20.7335451138,1.8914796587,27.0144675581,318.3399774936,2153.2685569636,2285.2245108373,0.0001231793
272981,-60,-69,4.6277322515,2.2895932281,1.5068828284,22.7379668332,318.3859327308,2111.2447089174,2269.2724569887,47.798472163
70835,-60,-69,4.6859116985,2.5750872216,1.5379510383,23.4288316849,317.4173906002,2111.6765160635,2270.1553581783,34.5774198773
48459,-60,-69,4.6331989389,3.3751138218,1.5439038141,23.3763269775,317.7859211449,2113.3254890208,2272.5274872906,18.12054487
286268,-60,-69,3.897339651,4.8409461675,1.5851857105,23.6059517615,323.207215126,2122.6857870746,2278.3810440043,2.643403978
197742,-60,-69,2.6093059897,9.3403178362,1.71083286,25.1858418366,321.6295564678,2141.0000551423,2286.0719282083,0.5452282413
35585,-60,-69,1.9822055836,12.1267383337,1.8085443063,26.3580655689,317.6176647315,2153.0877836149,2291.3448515911,0.1195117669
7312,-60,-56,2.3237543945,34.1023359036,1.6327815991,24.1161772721,328.5979572364,2146.3731267103,2293.5973596006,41.0400698191
1383,-60,-56,0.4200269921,50.421733672,1.9604206259,26.7857252046,311.7161222492,2183.7174298603,2307.5434103158,0.2050245331
5847,-60,-56,0.1140139593,56.2517935201,2.0638140523,27.6201550634,298.4826412501,2198.4197280844,2313.6388302926,0.0346667548
102950,-60,-34,0.841574231,59.0546700664,1.6790277036,20.3553376377,346.4166101254,2156.616882462,2305.9132548256,16.2033745558
143669,-59,-173,4.2221385807,5.0440977716,1.4799211126,21.3902688728,326.3813883587,2117.8242473339,2280.517055122,35.0277021438
160748,-59,-173,4.1104323562,5.8733062217,1.5111237303,21.6503717317,329.3072278615,2118.7499040326,2280.6501814174,14.0218214643
196497,-59,-173,3.7260415933,7.2016465375,1.5944470971,22.8168915872,327.7468730757,2122.4012743667,2280.5705514375,2.3989344331
136050,-59,-173,3.2942740837,10.0379326628,1.7238781261,23.8418666928,316.7023867529,2128.7356512302,2278.7914391774,0.4413200451
51365,-59,-173,2.9274250259,11.1076753276,1.7525203357,23.9753238333,318.9463294988,2132.8333615851,2279.6496125915,0.086122672
6415,-59,-173,2.7947950659,11.5648021409,1.8277973085,24.3296441692,317.2756721627,2135.9440998825,2280.6912190185,0.0176533657
7343,-59,-173,2.4630255257,12.9264476835,1.7750148297,25.389911645,317.955135318,2143.0600761369,2282.1041765524,0.0003989352
119721,-59,-136,1.9021151425,24.5143626854,1.819695772,24.3281238815,332.7766934175,2141.9136587446,2289.0462277769,15.3136317083
125799,-59,-136,1.7185495473,24.4915590172,1.7873492126,24.9186804785,332.5555005364,2143.7423830009,2289.7797482838,3.0218385528
118219,-59,-136,1.5869131191,23.1405271267,1.7682310434,25.1431924666,331.115712749,2145.3909819129,2290.0504878525,0.9226836262
3962,-59,-136,1.0540905134,28.7411118306,1.8555403709,25.0832046283,329.7793304893,2154.7682638364,2293.0948927462,0.0295226739
232522,-59,-69,5.6461578331,0.704692672,1.4241021267,21.0362421855,310.2911015772,2101.8473787785,2266.8824244358,49.0704107531
430167,-59,-69,5.6722983974,0.965251557,1.4568348881,21.740466329,309.400226726,2101.9403147944,2267.3094670698,35.7262520722
271232,-59,-69,5.076342565,2.2158043406,1.4918312768,21.9416434777,312.7273054587,2110.4749738119,2273.5784644281,2.908367455
150140,-59,-69,4.0249106872,5.3456081992,1.6179726437,23.2690906567,312.1822951725,2124.0328464415,2277.8874276523,0.6421244129
13834,-59,-69,3.3510957673,7.0446364834,1.7016198922,24.4163322527,310.7410833743,2135.322997726,2282.0566436034,0.1615239875
49062.5,-59,-57,3.3501755585,18.5536940538,1.5725583567,23.8205340637,323.9755123743,2129.247654004,2281.4712859609,43.6476100215
676,-59,-57,2.3803678811,26.7891828639,1.7219401284,24.8036501638,323.242123723,2141.8032288658,2286.4651675467,1.5313054679
105526,-59,-57,0.6208942087,41.6373386999,2.0107266141,27.4057480339,303.0382351916,2182.681527667,2303.4797539963,0.0489108954
138620,-59,174,5.7511236773,0.1001438662,1.4558512754,14.9188511383,300.7804907201,2108.4482734452,2276.2130144344,85.0276486467
71396,-58,-175,4.9266540287,3.7904190422,1.4948413121,20.5995069431,315.1129264094,2113.1611423549,2279.4881216583,18.1347688939
76434,-58,-175,4.6175685176,3.7104630526,1.5254134049,21.5803335007,313.3180722297,2115.8235119259,2279.3601914742,3.7803541258
65378,-58,-175,4.1977398491,4.9886993906,1.6221646557,22.0075524783,304.1294873208,2122.0677437905,2277.7497099659,0.8326670612
83536,-58,-175,3.8530833165,5.6480093955,1.6334625229,22.0480427267,308.091704381,2125.3134557089,2278.4743177207,0.1919459414
2560,-58,-175,3.4236774489,6.6063332876,1.6216334298,23.4553039392,311.3766517937,2133.6549654752,2280.6624415889,0.0014678091
982,-58,-152,1.2088362457,41.4710776492,1.8690502716,25.4261866033,329.1512878437,2155.9420258726,2296.9217245879,0.7828168401
1022,-58,-152,0.5736457486,50.3857317723,1.7824232372,27.0024329932,324.2923495921,2167.1437924321,2299.8058470747,0.0415396547
266969,-58,-136,2.6896469844,19.4327048635,1.7615665942,23.0047347481,327.1322024713,2133.6647071953,2286.0080750257,15.6146423226
301837,-58,-136,2.5102222918,19.7118741773,1.754080428,23.6376887683,326.5550264422,2135.2651584835,2286.4764155407,3.1408366808
155025,-58,-136,2.3908707579,18.7439386825,1.7354989516,24.1026860771,324.7212551704,2136.9930069735,2286.5224029073,0.9760188783
9644,-58,-136,1.8564096837,25.1114959614,1.8290669258,24.3716816637,323.1684406605,2145.8093055735,2288.6140193602,0.0332119894
1975,-58,-136,1.5563693354,31.0197078698,1.8163456168,26.3379792895,328.0378645216,2157.2610570868,2290.6949472551,0.0009082397
56701,-58,-92,5.3185992695,5.2677306935,1.3147871827,21.221575642,311.1106549537,2114.0806456163,2276.8704447522,41.5783326429
22423,-58,-92,5.290132605,5.0604391648,1.3309562632,21.2371203225,309.5936750889,2114.3822157463,2276.9839184973,18.4139079688
24962,-58,-92,5.1361128004,5.2035535203,1.3891498506,21.4743564735,307.9949638451,2115.3516100392,2277.789293715,3.8650766217
36883,-58,-92,5.0360796301,7.4859587976,1.4895878677,21.8984805722,302.5790316924,2116.4523811726,2276.3818613281,0.8719683155
25431,-58,-92,4.9961545521,10.0459666242,1.484737892,21.8312759047,301.8230118947,2116.9409068501,2276.4541773572,0.2961647289
2376,-58,-92,4.7289473578,8.7585195491,1.4763221437,21.9352675324,301.7896575111,2120.4460998417,2277.328931853,0.05171683
38520,-58,-92,4.4666547959,15.8227217112,1.5373193496,23.8346400795,291.0530094964,2123.5492791906,2278.4365685982,0.0018319894
65490.5,-58,-69,6.723986129,0.4509573725,1.3278874249,19.1489808854,301.6084179049,2091.9923820871,2264.4414361317,50.1358326452
39478,-58,-69,6.381850617,0.8996801656,1.371255856,19.9809841752,300.5010037763,2098.603857451,2269.745724414,3.0231545081
70407,-58,-69,5.6201020756,2.1975494163,1.4892740183,20.9728990366,300.0190033123,2108.7595758579,2272.7954096084,0.6551406077
28002,-58,-69,4.9097816024,2.962760767,1.5718853322,22.1250715378,300.3813608699,2118.008133638,2275.0141317001,0.1468168272
137401,-58,-58,4.374425788,8.2584438014,1.5020732721,23.0749802581,318.2537309595,2116.2212149777,2274.6207038898,48.0577650344
30137,-58,-57,4.1957832064,10.7094705512,1.5118207354,23.5044057623,317.9616094363,2118.3407898174,2275.5415518463,47.2394102179
7403,-58,-57,3.297614752,17.1862367109,1.6411194866,24.2416921693,319.0767920321,2128.8534991617,2279.1894776367,2.2211310594
32447,-58,-57,1.4231638759,30.5563127202,1.9085972017,26.669471424,304.9581104936,2167.1586823755,2294.9268919062,0.0891529674
2390,-58,-26,1.1149834399,45.4016932764,1.2559432689,20.4249594103,350.885235735,2150.2856907515,2300.3769748082,11.8366430333
50900,-58,-19,0.9482216202,43.7187696645,1.5799624621,21.165914985,336.8178503097,2156.3980927308,2290.1274521862,33.7859094542
33903,-58,174,6.4100822395,0.2051427295,1.4019817967,14.6449573771,295.4052497633,2104.8667065467,2277.3455314008,87.1556022739
153684,-57,-153,3.073503004,31.2844778872,1.8122487725,23.2040039253,321.4814497458,2130.9091064213,2284.3531913694,15.6773117084
72857,-57,-153,2.7771840816,27.5142945111,1.8665002344,23.5521861749,322.0665273253,2133.8792222108,2285.5915723236,3.1237990944
76161,-57,-153,2.2899653134,29.4720256201,1.881695079,23.901153812,319.4587813866,2140.6259794926,2287.2887088166,0.6859278769
10479,-57,-153,1.6559781383,38.9992291212,1.7638701195,25.881865098,314.3527729887,2150.5921856034,2290.5186100447,0.0415777817
6254,-57,-153,1.5284644822,37.6879435284,1.920620916,27.1003230828,324.2117366711,2154.1773734797,2295.8616330404,0.0027532533
482393,-57,-116,5.5984811222,2.6344193734,1.4165792636,20.4774280365,321.1863401895,2105.4502415072,2283.0501879069,20.9645726552
313550,-57,-116,5.5030691628,6.241555247,1.485599227,20.4861839063,310.5642709908,2109.5107738637,2280.9636908727,5.075921019
371436,-57,-116,5.2356511179,7.0051574851,1.4845967124,20.8074887058,309.5870968037,2113.0839709123,2280.9192448461,1.2665844454
113354,-57,-116,4.7642074866,10.7925477655,1.6335059543,21.8169304007,306.3096419715,2118.1761837825,2280.9675918245,0.086020655
29807,-57,-97,5.8653009166,5.1383993187,1.3880805153,20.6725194207,306.7610159877,2108.4935834477,2276.592161305,43.7533891311
62054,-57,-97,5.8437262719,4.6526128719,1.3905004106,20.6669915385,306.4162518841,2108.7933220747,2277.0067493947,20.6010212249
70976,-57,-97,5.6228976315,4.8661872019,1.4117370412,20.9284522416,305.3419883302,2110.9157615296,2277.1863603489,4.7762597353
33314,-57,-97,5.4248999477,6.5612834677,1.4858757846,21.4132659381,301.4407903159,2112.8378708012,2276.5801301907,1.1629133001
8444,-57,-97,5.0773911725,9.4919394882,1.4814102936,21.1077261966,302.3702166762,2117.43737007,2276.8753632039,0.0812831435
21626,-57,-69,7.8722960285,0.8359629663,1.223973039,17.1559891657,292.4190334256,2081.161950526,2262.1558194707,48.5010183728
24803,-57,-69,7.8752588102,0.9289705496,1.2070651236,17.4773367741,291.9617643856,2081.206739986,2262.58030234,33.9883273551
17236.5,-57,-69,7.5991963155,0.5548395762,1.2356593516,17.7886551768,288.9668159598,2088.1262491293,2266.755454264,2.2158566248
5681.5,-57,-69,6.4012063989,0.8766595643,1.4280199753,19.7439054662,289.6966259921,2103.9382493384,2271.2884397924,0.0871999673
7345,-57,-68,7.8289547094,0.7937759913,1.2511625694,17.6093933281,294.2995360274,2081.4357413545,2263.03210966,47.8583769658
187686.5,-57,-58,5.2268137788,4.3154346013,1.426771089,22.0776787257,311.2120955697,2108.1895774002,2271.955011201,51.0715524727
260498,-57,-58,5.2018664005,5.0063136637,1.4156723501,21.3904864312,309.8635691612,2108.3730831817,2271.9699940875,36.9837674158
141846,-57,-58,4.4469225041,8.3217931986,1.531821303,22.5721638367,311.4440033513,2116.8346570227,2274.2667295286,2.9042943795
135538,-57,-58,2.6786064497,18.4803599435,1.7687928823,25.0633466997,303.4185002885,2147.5533143085,2284.5145533624,0.1363674754
90400,-57,-16,1.0023713013,18.4774698266,1.5024645562,19.4036040476,334.2775030559,2151.4220478468,2287.3609551527,36.0255796171
161690,-57,57,2.5120778489,23.1666190722,1.734238482,26.6061803486,330.9002967342,2140.6991562036,2294.4494713839,65.8967456184
144150,-57,57,2.3739302457,21.1362254667,1.7466154121,25.4925920224,331.0381323225,2143.1387210583,2292.2133070129,18.5237995751
275723,-57,57,2.3900463503,21.4203406846,1.7255726985,25.8756014443,330.5395266841,2143.3471568678,2292.0953724813,5.2615263794
20409,-57,57,2.1910360634,21.4952197382,1.739179538,25.7935885505,331.2989194163,2145.7951591504,2292.8867971934,1.5090714413
124495,-57,57,1.7399094138,34.4702681995,1.7876440858,25.929597885,325.2270225218,2154.6807984413,2295.112779244,0.4367750961
1485,-57,57,0.8299304892,32.3410638883,1.8790414722,27.2197718507,333.1631071996,2172.2278147341,2297.9942225339,0.0690992146
85562.6666666667,-56,-59,6.1903586334,2.0724595565,1.3505915079,19.9877856124,304.0167651348,2099.519280037,2270.0052202842,52.4122814275
2111,-56,-59,5.5518901876,4.0808368014,1.4423350427,20.4944575845,301.990668552,2107.2103876083,2271.3358531712,2.6482609139
457,-56,-59,4.0550568818,10.3669933177,1.6501199853,23.2530769959,297.6911293295,2128.8319406964,2276.1821526238,0.1207382731
82359,-56,-58,6.0406451396,2.9672432657,1.3367159955,19.8508306023,301.9852124393,2101.529845352,2271.0501353006,37.7075173424
166600,-56,-13,1.3326975089,12.8028465711,1.435329836,18.9387648034,331.9848878614,2144.7990018965,2286.7088075537,37.6819008956
42824.5,-56,174,7.4296353596,1.1765045344,1.2393296202,15.8785184121,287.9863033902,2099.6003903242,2279.5985254174,92.7302703569
388761,-55,-155,5.5369547932,14.9338352029,1.608028209,19.3149494714,305.9996402848,2110.0511891736,2278.9601980441,19.1011954347
33277,-55,-155,5.1822566538,8.8435560301,1.6935542295,19.7175825615,304.2178935378,2113.4428824028,2279.4409069107,2.1279899088
15531,-55,-155,4.8229309956,16.2697121207,1.8043976624,22.432758803,302.5493511603,2117.0735931887,2279.7375507119,0.752774718
5311,-55,-155,4.3415738928,17.6921726816,1.5874272217,22.4635590894,297.6710229288,2122.265751893,2281.4113795172,0.0745523694
1301,-55,-155,3.946237717,16.4709639412,1.7189989762,22.9662308386,320.6151681677,2119.2629064219,2287.8976671899,0.0033384327
17783,-55,-126,6.6292113136,3.1016593503,1.2257289473,17.1386442382,306.2165203282,2100.4091851548,2283.5283597579,39.7820466713
31105,-55,-126,6.5482978085,3.0728842909,1.2268616399,17.1657272262,305.9374661104,2101.4476875117,2283.5165421878,18.46599251
36204,-55,-126,6.3350310987,3.2063455452,1.238253383,17.2792372714,306.0199025,2102.90244608,2283.7351277613,4.1838941541
11930,-55,-126,6.0293290422,3.4574881382,1.2600268451,17.468214777,302.700890304,2106.4499232053,2283.3307520765,1.0006474485
1851,-55,-126,5.5166493919,4.1233382744,1.309433262,17.8408476376,298.7615344086,2114.0124737973,2282.9145579242,0.0645333775
60425,-55,-81,6.6308546764,3.2505314258,1.3510663089,18.5378695969,307.3436344029,2098.0566227287,2266.9805869232,48.7112439284
30421,-55,-81,6.5688430759,3.3995860717,1.3320188498,18.575689324,307.2994256175,2098.8381984769,2267.0079875356,23.930295751
52838,-55,-81,6.5574347933,3.35855833,1.3537682059,18.6392193208,306.5572120548,2099.9948225533,2267.5453707926,6.0753345049
16756,-55,-81,6.0327435127,5.6298018547,1.5151684326,20.0330780492,300.0367473528,2106.4271292813,2267.9362114631,0.6202531931
55372,-55,-59,6.9425499359,1.5634771079,1.2735871526,17.9835636177,296.8634675244,2093.3117085984,2269.9949616682,51.6635898211
131500,-55,74,2.6073554207,10.167943051,1.6960853566,25.1914889433,331.8535958721,2138.9039909584,2289.3542646229,12.6064856588
105740,-55,88,3.2378255001,13.6932208324,1.5068652512,24.1444168543,320.2609686009,2131.3556122407,2281.4866724993,16.2533192529
146078,-54,-119,6.9137885887,1.363979205,1.2283836552,17.4463702624,311.9313919831,2093.9042677304,2283.2376270119,22.1066120374
138983,-54,-119,6.6028755825,2.3617742922,1.2758199489,17.6490143381,309.728702904,2097.9180447849,2283.0608546851,5.3628437053
124264,-54,-119,6.1964027944,3.491467061,1.3112762561,17.9447057582,307.3505154977,2103.1959185536,2282.857961011,1.356253457
3298,-54,-119,5.6914475516,5.5352660017,1.4363000509,18.9025287191,294.1438887408,2114.1104315558,2281.48715288,0.0952102709
156582.5,-54,-59,7.6028462051,1.3722504196,1.194530147,15.9773195076,289.7639768458,2088.3895423057,2271.2662900826,51.219076605
177885,-54,-59,7.4371232455,1.897359407,1.2651331233,16.9889039715,284.6662185842,2091.0902263539,2271.6833368233,7.9775595314
253905,-54,-59,7.090569853,1.7906871569,1.291819779,17.8486343281,284.8038824263,2096.2202173543,2270.9814452825,0.8515986663
64894,-54,-59,6.5754695258,2.2084719208,1.4486751,19.9993695768,282.7048928828,2103.232981323,2272.1989475125,0.0985686167
18362,-54,-59,6.0103609911,3.2981487773,1.5327553886,21.4347913307,283.390861718,2109.3634486868,2272.5727978705,0.0124148897
28160,-54,-18,2.9599594617,0.748107411,1.3257931787,19.639027941,336.2630711718,2119.3734469908,2288.076018814,25.3121104526
141700,-54,-10,2.1650960563,18.1417848307,1.4662014406,21.5000663623,334.9084461382,2129.6254487526,2285.1373102824,42.3928312217
155000,-54,-7,2.0638049021,34.8063860912,1.5826869426,24.9524039357,342.4046476439,2131.4664685058,2284.2078867201,42.6538247807
52678,-54,174,8.2529469581,2.0239590286,1.0514307314,15.7564892538,286.3058523616,2093.0161279879,2281.4088126533,97.4583418521
140196,-53,-180,7.8187590982,2.8361545066,1.1366274328,12.6840110727,291.357277141,2094.0612231077,2282.2964935289,23.7971506466
185490,-53,-180,7.4591488012,2.9824360763,1.1925012186,14.8883389032,294.6422532905,2097.2488123225,2282.3652273962,4.0620130883
204541,-53,-180,7.1833867509,3.2741995685,1.2130775565,13.6418465862,291.4119107382,2101.1346619205,2281.9821198616,1.4495306684
18537,-53,-180,6.6069025053,2.3880659941,1.1147071337,14.2538682389,291.6508341791,2107.6288256008,2282.1532831201,0.1017507968
1866,-53,-180,6.304086916,4.0021275179,1.0987120843,14.9826038988,290.7744639294,2111.7012640549,2282.3029392061,0.0042747983
17000,-53,-5,2.3752289642,31.706789868,1.6200167356,26.2263241851,342.9455543745,2129.479654181,2282.3186577187,44.9240492523
215100,-53,-4,2.3476590032,31.7450920702,1.621221137,26.2388674405,341.9693233246,2131.0940715267,2282.5354538343,45.2088670407
361455,-53,57,3.7998948904,11.0382928144,1.5877569589,24.1009444882,323.4945499825,2128.4777726823,2287.348431986,69.6432096626
325144,-53,57,3.7755487329,9.4494855983,1.6313158634,23.9221954304,318.1059794345,2128.8260016271,2287.072640345,18.3797778934
314328,-53,57,3.7516512083,9.574606528,1.5777960006,24.2629099816,320.3025362151,2128.7418818775,2287.325156531,4.9219174047
63409,-53,57,3.7145450438,11.7223833443,1.6128250663,24.7304236948,318.144830791,2129.7181746735,2286.4802005156,1.3360832936
153371,-53,57,3.6538231682,19.7462587344,1.6460756042,25.0295334667,307.5619290804,2133.7473072591,2283.3649790613,0.3673428564
61914,-53,57,2.7825161838,16.029961795,1.7932893563,25.642252592,305.2139824412,2145.9917527483,2285.7695681005,0.0541553016
242370,-52,-57,8.0408423041,2.5704971621,0.9284935841,16.02111184,303.9660410857,2084.0363747511,2278.6034164009,24.1170372716
564690,-52,-38,4.1928561797,3.5264661643,1.3202573101,19.612102099,338.2299027293,2110.5323449693,2287.870913167,28.7205689035
440400,-52,-3,3.0113558685,21.9832093858,1.5713098258,25.1706297351,335.813582527,2125.4751020929,2279.5300775431,46.3580769252
8866,-52,175,8.9716907217,2.1311640466,0.7934514195,14.1471140275,286.4941427953,2084.9316555684,2282.0449641738,99.572273167
1500,-51,-58,7.1656999597,1.8310314994,1.4512298706,11.8708343394,289.6499176323,2087.9127966772,2263.2588972887,20.0503575905
63540,-51,-58,4.9183900342,2.811120037,1.6331828239,15.4958539084,301.836151123,2109.8159051835,2268.075718717,43.9074318953
24210,-51,-58,4.7668898101,2.9449757375,1.7254663703,14.3182339668,301.1057128795,2111.1021700584,2267.1095819941,3.4451155191
3026,-51,-58,6.6557500381,4.4686882496,1.6372017269,17.8421735745,283.5643463135,2101.0461653046,2265.0386222326,0.0328597721
75830,-51,-11,3.7806143664,2.3255540895,1.2675520221,22.348809674,334.6590624219,2113.7222144574,2286.0339113767,29.2061123477
410000,-51,-2,3.847220119,13.1638612416,1.5125544922,23.6559872251,327.4886072088,2117.6700143768,2275.8189139796,47.7383072237
266850,-51,-1,3.8669597755,12.5228647388,1.5012580369,23.305564075,325.1118714941,2117.8133931436,2275.9284845671,47.6001768648
60100,-50,0,4.7707070663,6.2787652219,1.444027352,21.814595078,316.4941038928,2109.3257299593,2272.5541555649,48.6257796556
99100,-50,1,4.7669564115,6.0459587231,1.431780222,21.5285228332,314.848582875,2109.2501670013,2272.7194183011,47.4166118323
42117,-50,2,4.2802277628,12.8659700988,1.5227877135,22.3221860219,321.4129295069,2111.6579331974,2273.7010045218,33.1018775854
29248,-50,2,4.7095669057,6.055366412,1.4360292025,21.2673657495,312.3774871604,2109.2709302068,2273.0058890876,24.2587988232
50306,-50,2,4.2521319607,12.919743734,1.5294855547,22.2813359698,319.7244653441,2111.7490898,2273.8940446428,16.107785979
38607,-50,2,4.6705163675,6.1928639043,1.4341907577,21.1625150207,312.6376411212,2109.5568695665,2272.9752503588,12.4190261891
40947,-50,2,4.1680765179,12.8551797574,1.5332218207,22.2293143402,319.2417050891,2112.7558998937,2274.2084382436,3.9087543923
43286.5,-50,2,4.6272632658,6.7453551259,1.4320355036,21.2028561893,312.5963552687,2110.254850065,2272.8568179517,3.2953063461
22228.5,-50,2,4.0521221002,11.8398181199,1.5277764754,22.0732734449,318.2813753825,2114.9438393003,2274.231328412,0.9756840287
32757.5,-50,2,4.5842466009,7.1378294095,1.439225668,21.4638653362,312.6306061545,2111.4439722186,2272.7697213988,0.888469362
29248,-50,2,4.0102024774,13.0447210451,1.5603271487,22.6669137956,318.8901982876,2115.8855911022,2274.2509688288,0.2495373011
53816,-50,2,4.3136310885,8.5318557177,1.5215526149,22.0382058319,311.7408638442,2116.1102505915,2273.7085306254,0.2432792164
21058.5,-50,2,3.2685772393,15.3390626149,1.5852149718,23.0657190472,319.4821600531,2126.5947276303,2277.6815724995,0.0651951317
32757.5,-50,2,3.6783847098,12.0421467937,1.6358800321,23.3970485326,309.1499037417,2126.1290787973,2275.4870430891,0.0676247341
5849.5,-50,2,2.0062860288,25.788304993,1.901420646,26.9067016655,304.6132973292,2155.8303046746,2286.1950587487,0.0024607214
4679.5,-50,2,2.321918063,22.9302544137,1.8891519702,28.1738764658,290.2445470564,2155.6159422757,2283.3016366544,0.0029367543
28690,-50,71,3.9229686259,8.1058217369,1.5317321772,25.7529054844,317.4506516786,2126.9017649125,2286.0231262107,18.6930529908
79840,-50,94,6.1588462083,2.7447003662,1.4053153461,18.813414792,299.0421014047,2107.0160922465,2277.02442225,13.8214843178
47100,-50,174,10.1362734649,1.4945639292,0.6219932888,11.7586602526,287.591807863,2069.6956928146,2284.2606147467,102.9252937221
43877,-49,-56,5.4655822692,5.1056696189,1.4940402408,16.6907651067,306.6252792352,2114.4597916987,2272.9221272475,51.5397961095
25721,-49,-56,5.2646687578,5.7959971704,1.5577983318,16.0504649089,306.0343408901,2116.5998866025,2272.9178891641,2.6701882838
22695,-49,-56,4.8972106055,6.2841550034,1.6600340999,17.2230591452,305.0779645543,2120.6811913379,2274.9029320435,0.1540331893
21400,-49,2,5.581377192,2.6936161855,1.3846732634,20.4735506444,308.4275046679,2101.7034726444,2270.7513973934,48.5684882268
330930,-49,2,4.1796293486,10.9286594557,1.5763211928,22.4188846334,325.1308553512,2111.0213701406,2277.0864713876,41.3432989725
124501,-49,2,4.1446037745,7.1092816882,1.4987850782,21.1854307067,323.3774386035,2111.7413421322,2276.9010790414,19.0203505109
86018,-49,2,4.1111160902,7.9167380906,1.4891714372,20.6985299451,321.3500976874,2111.531244734,2278.5563292956,4.1605910991
23715,-49,2,4.0316814938,7.7753899962,1.5041068331,20.8688542426,321.5517440506,2112.2962573054,2278.9417843774,0.9456969673
2365,-49,2,3.4768951078,9.9144145037,1.5725350023,21.7635551647,319.7694635661,2119.7940101196,2280.3486004448,0.0537231191
55300,-49,3,5.516016545,2.8727352178,1.3800475478,20.377488175,308.5255216591,2101.5961551492,2271.2641609157,49.2394026495
738575,-49,57,5.8778379431,6.5581718236,1.5074379547,18.2267898553,313.4430457521,2100.9885287682,2277.0892082705,76.1740850628
739307,-49,57,5.8560419911,4.0352215935,1.5513288606,20.4754073974,310.3207172547,2100.8659156585,2277.2864532334,20.3902883
167354,-49,57,5.7141843283,3.8533386607,1.5369426977,21.23164936,308.9709394158,2101.8150744499,2277.4040337952,5.525728208
136525,-49,57,5.5166508024,4.9594456258,1.542837354,22.4616947358,307.9494926068,2103.9955605176,2277.2365843357,1.5157683725
109476,-49,57,5.1731710593,6.9439897254,1.8183905827,23.5317956464,302.8181410166,2111.9355013569,2271.7068978989,0.4208510134
97323,-49,57,4.0657360438,11.940935645,1.8054075714,25.5911656653,304.6888984782,2122.273391009,2276.1331831857,0.0629908315
35034,-49,174,10.87266424,1.2911291059,0.5424789981,10.6005874409,286.8489326411,2059.4610368748,2285.8367783097,105.0913367129
40851,-48,-56,9.7009407342,1.6517612663,1.0052874453,11.7108028299,289.175503681,2066.518113257,2279.4682529695,27.5699576819
24964.5,-48,-56,9.021209975,2.3501434322,1.1214262832,16.7262921686,286.8681104771,2076.282216778,2277.0185389359,0.8213810527
24210,-48,-56,8.1560592419,3.7356078197,1.2097173592,17.6362989797,287.2770901847,2086.1151094995,2276.0759258129,0.3879557278
89400,-48,3,6.2784411571,1.1424530409,1.34053503,19.6601005742,303.9517874997,2095.3807281638,2270.1599549571,50.7676619193
86200,-48,4,6.1687251495,1.2897930247,1.3464985178,19.8289578495,305.6435443981,2095.3093875227,2270.9633309162,50.9675905591
11280,-48,64,6.4901863414,4.3920051699,1.3369423171,20.9259902358,307.7299694823,2099.9445219814,2279.7413481876,16.8380096941
40947,-48,174,11.6530632709,1.2930159642,0.5040787081,9.2050310354,285.1163687892,2048.3236906887,2288.3660406303,108.0573436763
1635520,-47,-60,11.4906175921,1.5053304514,0.6740555174,6.7854254891,279.899191605,2036.658462999,2266.5436340892,48.3257406471
83215,-47,-57,6.3419702354,4.1324020663,1.2853785825,17.2209166445,302.1820187924,2103.9913286843,2273.693128314,90.0846519917
393380,-47,-57,6.2879224355,5.327316193,1.3320058805,17.6131819098,304.0667062177,2103.9905204271,2273.8265254065,57.4029960955
56737.5,-47,-57,6.0125742287,5.4488304859,1.3034213421,16.4003156931,307.1774789464,2106.4606513409,2274.5943829426,4.4597773595
48160,-47,-57,5.936307771,6.0144144702,1.3259349446,17.0811319251,303.7146090641,2107.7410459882,2274.1112536661,2.9747844961
62500,-47,-4,6.8019546177,5.1767494833,1.1971137129,20.1228685492,305.5598911167,2090.7362557297,2269.3880473278,26.623034226
63600,-47,5,6.8203276735,0.6645286239,1.3132085758,19.3889638508,304.3506390283,2089.6251120231,2271.3427192665,53.2719444546
36000,-47,6,6.7378711527,0.9365346515,1.3329222058,19.6805112398,307.6354681915,2089.2687214005,2272.0311074485,54.4693482253
138260,-47,57,7.9530160775,2.6386153493,1.4163782275,15.1674943765,298.6844662808,2080.8849016414,2273.7538643188,27.5678334306
71839,-47,173,12.3292962708,1.5085522477,0.5334095871,7.8314970509,282.3871825362,2038.4803779491,2291.3877278704,111.3595380855
18850,-46,-49,13.6685424435,1.424957912,0.4498570564,3.976565517,261.175428626,2034.8463104573,2300.8199880308,43.1557863141
125142,-46,2,6.9216863445,6.7540758005,1.3041261148,19.4468025719,305.5890845275,2091.3734910983,2272.7750718566,43.551823958
134104,-46,2,6.869663879,4.8780419752,1.2848673168,17.5494845622,304.5809530559,2092.2561861828,2272.6076866088,19.2772276396
432740,-46,2,6.8145861318,4.3823784811,1.2899873913,17.5337381092,304.0188719992,2092.9557193622,2272.6776312596,4.0070877966
186104,-46,2,6.7779321798,4.5420744315,1.3121812264,17.7643382862,303.9767669345,2093.7917300134,2272.8737621953,0.8873278976
2619,-46,2,6.2633446978,4.8715359526,1.3455819938,18.82996155,303.2119915593,2099.5701152007,2274.827924583,0.050128268
26500,-46,7,7.5098966302,0.8636847413,1.2955761601,19.1051669687,306.7431722835,2083.1494757197,2271.6734339146,57.1957714861
33300,-46,8,7.517204676,1.2715063864,1.2996661885,19.0827706364,308.478310867,2082.6643734048,2271.4407951422,57.5710084772
472130,-46,51,7.0334046933,4.9726882047,1.3703669695,15.0608042473,285.5845471193,2091.5912734712,2263.5526804003,14.4923467816
706282,-46,57,9.3624748035,3.9454331592,1.3289095033,11.5298488245,288.1487550112,2070.012883999,2274.3201036002,83.4751124605
361515,-46,57,9.3336192883,1.7564972138,1.3107857414,12.1075641891,286.932849549,2070.2434423678,2274.3402849789,19.8843131329
49002,-46,57,9.0135311154,1.6259736832,1.3396902894,12.578000947,284.1694983335,2074.5652457664,2273.9819279788,4.8705895845
21691,-46,57,8.3716951645,2.332766353,1.3930202446,14.4493081064,285.825220441,2082.706920592,2273.905096927,1.2233164363
34555,-46,57,7.4916869547,3.0190804768,1.7357330924,16.6205036894,279.2782567432,2099.9174611773,2271.1282030642,0.3142948404
11135,-46,57,6.3128360422,7.0487409388,1.6745387207,18.8214912591,276.9290948315,2112.1043735383,2274.425285468,0.0425170484
27183,-45,-22,11.0718946147,1.0013093979,0.7386180202,8.4976199382,279.5368508334,2057.092654284,2290.709775047,57.4227930878
16084,-45,-22,10.9018968369,1.0964876057,0.6755943561,9.373083562,274.7754839209,2060.0639428875,2289.7136548713,17.511729227
12074,-45,-22,10.4385991303,1.3485071595,0.7195492381,10.5287499889,275.8118587215,2066.235665707,2290.449364176,1.7328938471
1209,-45,-22,8.2020519781,2.6776492004,1.0747077965,15.2653629713,271.0685578313,2100.3030931904,2292.7507298162,0.0430038267
143,-45,-22,7.2121948887,5.0785939073,1.2795651241,18.7226867731,270.7433307787,2108.2671128916,2290.2806999224,0.0012590008
35034,-45,-14,9.811387859,1.1985501675,0.9826900371,12.8551113163,290.5135383446,2068.7085822478,2279.3230954919,58.8937130328
31473,-45,-14,9.7095512445,0.3515868203,0.7318559648,9.9495470587,281.5176702484,2070.0223356813,2278.804043712,19.2673542389
33353,-45,-14,9.33141151,0.3360906189,0.728761231,10.1061371334,281.5880602622,2073.7047468214,2279.1751425209,2.1545276834
210,-45,-14,7.4208860634,1.9947324771,0.9897108523,13.2311655542,274.8624684509,2105.1746566289,2284.3668992715,0.0628442022
426690,-45,5,7.475599095,4.9154254036,1.2430276661,19.701835476,299.9544731978,2087.8167591288,2271.9486633578,44.9053400844
477189,-45,5,7.4096733913,3.0218895936,1.2710324679,17.985566925,301.8516872457,2088.6186880903,2272.2373656217,20.1551927087
166000,-45,5,7.3067783756,2.8686097861,1.289197866,18.1820380118,301.5901376061,2090.0053645235,2272.39169797,4.2714333338
1806,-45,5,7.20848731,2.7744532047,1.2860485934,17.8847735594,299.7329903839,2091.7726224431,2272.6729220827,0.9558297005
2837,-45,5,6.6464844417,2.8517311008,1.2971199309,18.0471578767,293.875719142,2099.0461671762,2274.0665613468,0.0539878054
1892,-45,5,6.186062428,3.6087499052,1.3184460291,17.6243348695,281.6614030869,2109.4934405754,2275.4806167124,0.001745404
47000,-45,8,8.4703866751,0.967905157,1.2284349427,17.4922031355,304.1910915178,2076.8810874746,2271.7638943112,60.321684749
30200,-45,9,8.5376353595,1.3353920263,1.2141040961,17.0628083349,304.0043909462,2076.7334597506,2271.3026285919,59.2626046016
123149,-45,57,10.9594127544,2.6860602332,1.207176748,9.3948840208,275.9230588202,2057.5132538483,2277.1695381941,86.0775889746
19258,-45,57,10.8968287808,0.8817185665,1.1813047364,8.6294733686,274.8517588817,2058.3372598288,2277.0607870136,20.455311754
32710,-45,57,10.5250275865,0.7843602569,1.2206730128,8.898703408,271.8542514963,2064.2762084292,2276.8251079268,5.0375082638
38684,-45,57,9.8121514112,1.936430483,1.2911397914,11.150754938,273.8984322372,2073.9799306746,2276.8997949712,1.2796830736
33047,-45,57,8.8550800398,2.1652715105,1.5739917866,13.6167975818,267.1457540403,2091.8979404024,2276.0477821545,0.3340097698
17360,-45,57,7.662341614,5.3867335274,1.5353901964,15.4819046714,262.8208237991,2105.9697371868,2277.4124192278,0.0465382601
106700,-45,100,10.5239984526,1.959588171,0.8602501429,10.6790288306,271.3230258378,2076.5793713455,2287.290932859,16.2872799906
161891,-44,-56,8.0332815992,5.5785299267,1.0466446012,17.8498739032,307.8408972015,2085.5337054611,2280.3987906535,56.4117312638
99858,-44,-56,7.7164352795,4.7577135943,0.9817870655,15.1319434545,313.2133733682,2089.5634568395,2281.9596559389,5.0482620495
47659.5,-44,-56,7.2432951811,5.5305447112,1.0687577433,13.4655340785,309.2975609076,2098.3282522361,2280.0279817268,0.851721967
56359.25,-44,-55,13.7849705395,1.5203568911,0.4085348861,9.0116896281,273.8132300097,2026.5522919261,2291.6434572647,31.1546363321
18160,-44,-55,13.357135442,1.8751699051,0.5023524972,14.1063351186,271.7827449975,2032.1419810777,2290.6140945608,2.9953790621
16643,-44,-55,12.1579819329,1.6771488604,0.7209584026,18.6607377633,275.7271557397,2046.248145861,2289.2162095967,0.5108937164
152200,-44,10,9.7661034739,1.5254139949,1.090749978,13.7272857903,295.744944929,2070.7439748328,2274.5680625117,61.7012196893
71400,-44,11,10.0489892927,2.5140695331,1.0496478417,13.1921863899,291.8359278911,2070.3546911182,2275.5852059025,61.9187051023
138465,-44,57,12.643288991,1.5339055214,1.0526797257,7.3257008324,264.6380534202,2044.5620068181,2283.0462200574,87.62761266
15022,-44,57,12.5092302097,0.3129325657,1.0287530761,5.4327791451,263.6057430356,2046.0641563009,2282.7918647833,18.6542507001
34367,-44,57,12.1196860717,0.2722428132,1.0707188513,5.5292520405,260.4159283542,2052.9853034088,2282.7444904669,4.1800492034
34524,-44,57,11.4244708931,1.8014798376,1.148273259,8.1051843421,261.4004128888,2063.0584015529,2283.0164469211,0.9814083026
28645,-44,57,10.4720513614,1.6453899411,1.3435067582,10.6837552195,255.2187055117,2080.0896975321,2283.1853626475,0.2402048007
2916,-44,57,9.2579770976,3.966811142,1.3279048362,12.2905967761,250.0050764177,2096.3332748969,2283.8170132213,0.0310977738
43120.5,-43,-55,8.9936865943,2.6020051251,0.7929748959,10.3797713341,302.0674030078,2078.7939041644,2286.7018879463,93.9109137879
44633.5,-43,-55,8.7682872709,3.6234797334,0.8545315728,13.6301589593,308.9177540444,2080.5639255721,2288.0296064835,7.5056310458
9740,-43,3,11.2608714901,0.9015140365,0.8383006646,9.9501941194,279.7874409305,2064.3593657602,2282.5710205416,30.156843537
75000,-43,11,11.2768652092,2.095161187,0.9317564218,9.8038318128,282.4416946655,2064.1366216631,2283.5110039059,66.1412594705
101300,-43,12,11.6934885823,3.4260812779,0.8770160814,9.4457118044,277.4215117273,2062.7375371431,2286.4817930005,65.2132955144
98920,-43,113,12.3953286026,2.5745332808,0.746678539,8.8675830892,260.0505439202,2064.3688525716,2297.4444124732,48.8758857098
116185,-42,-42,13.2922969913,1.8812931063,0.4228645686,2.0792335972,245.8959091989,2058.1727723585,2310.5856372658,13.4176128973
62052,-42,-42,13.2781416032,1.9261297824,0.4321141222,2.07940187,240.0668714576,2062.6179165349,2311.1551721258,5.921743106
77291,-42,-42,13.1926789025,2.1363421743,0.396385386,2.7680713466,238.5579163922,2064.8363190199,2311.0407669893,1.7794395471
66720,-42,-42,12.7645905811,1.9252541189,0.7160738356,6.6170218698,242.0032926555,2070.3304788678,2311.4146656683,0.1728364878
17653,-42,-42,12.0625329912,2.4306040082,0.4406586903,9.0794575334,241.9229626987,2080.0814606036,2311.6509646146,0.0555965094
69700,-42,12,13.0911273843,3.08767863,0.7407130156,6.1063940389,265.522436181,2055.4283943002,2294.90354894,68.6098651461
61300,-42,13,13.6456094834,4.5563251506,0.6833685176,5.8844759628,260.668283413,2052.3627860246,2298.4804463977,67.7510505159
86636,-42,57,15.7289248654,0.3132132439,0.6754691194,3.4595009209,249.3407699086,2029.0350519107,2306.4061050032,92.9507987168
12635,-42,57,15.3940790942,0.1454479052,0.6775649864,1.2962355471,249.6029505894,2031.6749368139,2305.8415887791,20.9980605795
82101,-42,57,15.0394454854,0.1793361691,0.7030849114,1.2670966859,246.5759020877,2038.31953702,2305.9404625143,4.9609233255
21179,-42,57,14.4989664968,1.8088030212,0.7579901354,3.5778656023,241.5725359275,2048.2798680915,2305.3872403277,1.2172310969
16992,-42,57,13.662917942,1.7072065302,0.7949412639,5.8841588953,235.5648336848,2061.6938327568,2304.4209701897,0.3085787986
18809,-42,57,12.4706792605,2.4608877383,0.8007504448,7.7871748874,231.3575128849,2079.1335376565,2303.4651742353,0.0415518819
81320,-41,-56,8.6240215594,4.4503920938,0.8916573135,10.8168588954,318.6094256039,2070.3165780615,2277.1258356821,58.4229553489
73990,-41,-56,7.5382019852,5.4495487201,1.011834008,13.285239408,303.9851838797,2090.0629411292,2274.9715656049,2.6851267159
6030,-41,-46,17.2497759889,1.1251898985,0.2997871199,0.6237466401,247.1427624469,2014.9632047045,2309.4771602208,53.879656591
61950,-41,13,15.0854118656,4.2004234226,0.5464778018,3.1644007976,249.2632158256,2043.9483761278,2305.5130836385,71.6330126321
29080,-41,43,15.9835028834,1.1076080734,0.3523473302,3.323674527,251.414436968,2023.7949237791,2309.1787919317,14.5203914771
26540,-41,105,14.0616112361,0.8782838835,0.4716214474,3.9440627326,257.4637654376,2056.9366914891,2306.7409571926,27.4295575013
98490,-41,109,14.5014572261,1.1750646197,0.5439468069,5.4303010774,257.3182517744,2053.4500446185,2308.0976259589,26.6246738996
53946.8,-40,-75,16.2286335345,3.5466404365,0.1965051557,0.533504162,257.5029680847,1989.6245580554,2246.3817533407,131.3122745484
27230,-40,-54,15.9245328012,0.8064978307,0.1892993816,5.1917903,250.2484988539,2020.2487100052,2299.2571997612,37.523026198
39340,-40,-54,13.4515400034,2.6288562421,0.4738549099,11.4820892274,245.1577552014,2055.5744158317,2300.0170042227,0.7593077542
11842,-40,-19,16.3650493771,1.1276075273,0.363226979,1.5943644773,260.5473440967,2030.2019020453,2310.9408343335,62.4242809168
12003,-40,-19,16.2273782406,0.9386215869,0.31919248,2.0017515345,258.9840278726,2032.9974488723,2310.9712306374,18.1191766862
22578,-40,-19,14.6711575503,1.3247529785,0.3853968801,4.0328268976,258.1146405273,2047.0984057553,2310.8569936739,1.7124026183
2475,-40,-19,12.5369112915,2.69873986,0.7346834873,8.7933751787,254.1000470382,2077.975582524,2313.5309911168,0.043799267
35700,-40,14,16.9650856872,5.3719344219,0.3908110532,1.2746042351,236.997791477,2033.4199947522,2314.777767101,76.2313843022
82349,-40,57,16.9447726431,1.2003335538,0.3151670111,1.1858002139,234.7406338047,2037.7611220064,2328.1189357227,118.9827493785
89492,-40,57,16.6737673055,1.3825720616,0.2510482904,1.1445268777,243.0581758523,2037.8219532549,2328.395516058,27.7377953049
11401,-40,57,16.4010162171,1.0784665681,0.2570303867,1.5233727466,239.9478137085,2041.7130846105,2328.2062256732,6.8001095391
4462,-40,57,16.012849529,1.8965478537,0.3024784698,3.5315214771,231.6438266366,2049.3997948732,2328.3508983512,1.7365162194
14099,-40,57,15.6507835611,2.504311543,0.3317930245,5.9565994766,235.4128160886,2053.4415702281,2327.6859427651,0.4589897889
13910,-40,57,15.2663454943,2.7101315949,0.4175609734,6.0541656546,227.9628863471,2064.7510696106,2326.7978013551,0.065922587
6985,-39,-75,16.3896334433,3.9060688573,0.2058913394,0.3937942967,253.1530298663,1994.6746854667,2251.1487007703,135.0592465505
52827,-39,-75,11.5907123964,3.4795013327,0.7242605767,3.3544499481,261.1339994744,2017.3657949424,2227.2747740706,48.1271817557
40639,-39,-75,15.2574331857,3.1947098756,1.0404102658,5.4959294817,253.7097590716,1999.7296947386,2247.7117815215,20.9731131257
14923,-39,-75,13.8593661382,1.8590789149,0.7396500133,4.8574244535,250.3778237418,2015.3538142364,2241.2079142153,13.307476209
37966,-39,-75,15.1436614435,2.7051040399,0.9452012135,5.6589325853,256.2350466651,2000.4372446321,2248.0003604217,7.702894522
10963,-39,-75,13.8185912145,1.9445432796,0.7926480304,6.2823472243,248.6690680826,2015.5613461603,2241.0013660627,4.9491038328
7105,-39,-75,13.7539872414,1.9835337578,0.8367244118,7.1355007368,246.6928664678,2017.3211761537,2241.3040271556,3.051307184
33632,-39,-75,14.1366524106,3.9756087611,1.2912805194,9.0123022927,240.1406961185,2022.1671367922,2251.2347498216,1.1376213969
7773,-39,-75,13.4260124163,2.4240682137,1.2162501067,11.7838320812,226.2859827443,2035.0115698787,2244.0357066788,0.7411409424
6970,-39,-75,13.1505780266,2.8815370061,1.3127417471,12.9070811398,220.6157061122,2044.3371568575,2245.3141996557,0.4672810964
35461,-39,-75,12.1341955791,6.390985524,1.5021844271,10.6681839102,224.7895012364,2066.3282983949,2256.2544723788,0.1839309971
1706,-39,-75,12.1175942128,4.6201869825,1.581519358,14.5419821229,211.1015832118,2069.5330688823,2250.3455908818,0.1203180126
11510,-39,-75,11.6402571595,4.2739353585,1.6532915051,13.9504556037,207.7960103248,2079.1478515135,2252.246298688,0.0771770369
4890,-39,-75,10.5944205214,16.3144991296,2.3752823246,10.3451585215,151.6398456235,2152.6288646717,2257.8579755396,0.0058233315
4129,-39,-75,10.3849383692,8.7542178785,1.9212667984,12.9778392318,165.732271634,2137.7520748498,2256.0031027257,0.0038064764
4564,-39,-75,10.3275038445,9.3798237964,1.8908063584,13.1839201863,160.621049402,2145.2187919691,2257.1731929771,0.00250834
1586,-39,-75,10.0274263973,14.2810233734,1.8242105252,14.0843976911,126.3502487517,2181.7357191604,2264.1657122362,0.0001469028
1773,-39,-75,9.894967745,21.3086938941,1.9789523671,18.1205768905,113.7083751352,2191.6848190626,2267.8687894747,4.54692908266511e-05
189125,-39,-52,14.001949135,2.3812624778,0.4395500787,3.2261989377,261.1311859764,2046.3822345838,2322.5736195446,95.8220954769
152056.5,-39,-52,13.6307514371,1.8361592345,0.6310663791,4.6670473939,264.1906183357,2051.7432999132,2321.4881845732,7.8682433319
7757,-39,-22,17.5007478322,1.1996946405,0.2814463226,0.7011167083,249.9239370313,2031.682536112,2317.2451418032,68.7096787986
7622,-39,-22,17.2741600191,1.0562269133,0.2277740878,0.7454778821,250.4137409769,2033.2384759325,2317.9098002369,23.37765434
13139,-39,-22,15.5189313542,1.260683738,0.3024277201,2.2266740196,254.7351902634,2043.5555882328,2319.7988310853,2.9478628663
1583,-39,-22,13.3898826543,2.7785815662,0.6511072469,7.3944635491,251.0857016722,2073.6814464252,2321.7140023304,0.1145529123
359,-39,-22,12.8644196705,3.4602728108,0.7343294238,9.4787607287,248.2646981991,2081.7030256957,2318.5514507447,0.0053536415
37750,-39,15,18.5506418001,6.7508889772,0.2975329246,0.3561817493,229.3570465706,2027.3661705791,2322.3559829707,80.1175680598
8747,-38,-75,16.4432894569,2.8746671113,0.4023637534,3.1735436509,229.41658606,2002.9692774433,2250.0943475358,33.6004917331
11101,-38,-75,16.1850121473,7.3203816601,0.4067859194,5.5452559516,223.6110025009,2007.9802996524,2249.9203772168,12.7499109923
2627,-38,-75,14.8834512947,10.2223194033,0.8373371431,13.1023932606,215.6515836344,2028.2148689744,2250.0183433297,2.0647746973
611,-38,-75,11.1642910122,21.6415397402,1.4857038439,15.7093668658,176.480899742,2115.9368253386,2253.9325042466,0.0740570508
1683,-38,-75,10.2910567941,29.5657285498,1.4163823597,18.3082218418,145.6106213675,2158.0485674049,2258.3658327268,0.0034245424
2579,-38,-75,9.8667163653,27.7920672306,1.7288183006,23.3600281278,110.4950172117,2194.9623135685,2265.8669621619,0.0001846192
10591,-38,-53,13.7708097702,2.8348325132,0.5855442109,3.229086927,278.1010725776,2026.826956357,2303.5134336027,55.7440762917
10591,-38,-53,12.9197880742,2.66984109,0.7830555622,6.8706115874,273.0479946138,2046.6334824974,2308.6592007055,1.8507611247
31773,-38,-53,12.4435091872,2.6596189677,0.8731790633,6.2608092037,266.6954513582,2063.7802505975,2312.2196243528,0.3166669863
49600,-38,15,19.3258058315,7.0825697219,0.2671965101,0.0842344714,226.9855162588,2025.9301245608,2326.3246427961,86.1106373688
17150,-38,39,20.1494408591,4.7214244334,0.2053866816,0.0539620627,227.8593636239,2014.2824879347,2329.5679838943,43.4918140758
5649,-37,-75,16.4203957097,3.1763946769,0.3092197473,0.2800121098,252.2834264437,1998.3071433105,2255.1522812013,139.2004374238
55660,-37,-75,16.1956541824,0.9961778864,0.2987056987,0.2733312406,250.3534822827,1999.0310486862,2254.1127919482,50.7430399617
38207,-37,-75,15.5790864551,2.3006235916,0.2658917245,0.4630391129,248.406990676,2001.9265326697,2251.1435246745,12.2854067492
17165,-37,-75,14.4267238901,4.3672217838,0.7141482978,10.1822022685,247.4430770876,2013.5938550372,2249.0091739161,3.2246023276
5912,-37,-75,13.3784084683,5.8797137664,0.9298088201,14.0715387022,242.3719348648,2030.3706582306,2248.4397497602,1.3673839798
6722,-37,-75,11.595482766,13.5041823294,1.2025111688,18.3241579682,190.6559304461,2099.8693440874,2253.0376584688,0.1176450935
4551,-37,-75,10.7832017584,19.7230983656,1.8719296113,20.9728007893,116.177854075,2180.612462831,2259.5418275691,0.005482513
2130,-37,-74,14.8290362086,0.8770934141,0.3146819482,2.7591245273,246.1602781049,1998.7922209455,2239.4729514811,35.4162643008
1092,-37,-74,11.7742661053,2.7487158527,0.8809008346,8.22894743,158.3439241109,2110.4018907008,2248.4084240654,0.1879691485
889,-37,-74,10.5112984177,11.1297906335,1.9468066861,27.0425713018,117.669539398,2182.1589416017,2261.5467381125,0.0035353217
845,-37,-74,10.2576073696,20.2204522627,2.2858563004,13.9598353732,82.0560979647,2206.0765633695,2271.6219328755,0.0021043938
11340,-37,-50,20.0707645173,1.3614838426,0.0247918589,0.6811885938,222.224466811,2035.65400211,2341.4311293574,43.8054807338
19670,-37,-50,18.6837068044,1.5657168339,0.2753979438,1.8903170444,214.3086991687,2059.2668954874,2348.8503385538,0.2183477358
60560,-37,-15,19.3105874793,0.9734747062,0.4838622212,0.0988426396,246.7239089153,2031.0814083254,2319.4037532273,106.6360173626
68615,-37,-15,19.1082789732,0.9063892865,0.1934530284,0.5456800141,247.7117771595,2032.7515737625,2322.4154321279,33.8021455663
128185,-37,-15,17.7097283332,1.1965229642,0.242676193,1.6516319569,246.5985414991,2036.9453901756,2322.8654279338,11.128983052
106475,-37,-15,15.9832164259,1.5322573217,0.3187994512,3.390348925,249.1947879245,2049.5149311679,2322.5786332626,3.7895377438
74575,-37,-15,14.9099327594,1.67177032,0.403594879,4.4105948319,248.0937563604,2061.4400160605,2322.5432976783,1.3290919151
66485,-37,-15,14.174798391,1.9715322517,0.4677430858,5.3269485756,244.3055783033,2071.0572631591,2320.7494919224,0.4783335542
60600,-37,14,19.639255171,1.9140397339,0.152019874,0.0370441463,233.339626026,2024.7989349292,2328.1414997219,115.689481161
39000,-37,16,20.0738178667,8.1892512323,0.2998523258,0.3088070066,226.2166246541,2022.3841984994,2327.9306141102,91.8081091119
24964.5,-36,-50,20.8070375074,2.1664294439,0.0583089962,0.5918770258,223.3991219766,2033.1034661713,2342.2489524984,45.9973672169
89267,-36,-50,17.4269833202,2.5455757175,0.295331927,0.6783140125,249.0464636754,2030.7218311556,2332.3488606446,62.844925991
31773,-36,-50,20.7013506333,2.2857912365,0.0988925742,0.403226956,224.128635428,2035.1755616836,2344.4155953541,16.4539074498
105910,-36,-50,17.2706692853,2.0623069323,0.3321589849,1.4530801887,246.148787684,2040.5606979229,2342.7112083027,7.0923013814
25721,-36,-50,17.0515408424,1.705996002,0.3936906075,2.069641714,242.4712059022,2052.466266323,2349.7078619703,1.322604605
31773,-36,-49,17.4991534602,2.2437910618,0.250741172,1.2272806257,242.4970581921,2041.2740170511,2345.7456023887,99.23213295
30260,-36,-49,17.2972110303,1.5169168004,0.2401208456,1.1056336106,244.321128993,2049.6921238703,2352.3188754953,4.6104933227
3074,-36,-23,19.9134434426,2.2994748862,0.174393274,0.1487542513,232.2156046482,2036.26467545,2332.9772624554,65.6458723655
6239,-36,-23,19.7581924069,2.7533813248,0.1749470154,0.1466037242,233.0301159377,2035.534880378,2330.897194815,50.2641218157
4269,-36,-23,19.6438539297,2.7473884536,0.155438543,0.1107966226,234.1157916137,2035.7954502805,2330.9152352336,29.5535047985
27626,-36,-23,17.8212512771,2.5856708939,0.2120374074,0.1399214537,244.3410492888,2040.1322174856,2332.9379235181,6.1336552809
11460,-36,-23,14.8379450558,2.0908416664,0.4648506952,3.5154382748,234.859140482,2074.604918215,2331.6503473639,0.4729701397
655,-36,-23,14.2365805643,2.9822585055,0.7302473213,6.7574062597,228.7347864098,2081.6515275523,2329.3415327375,0.0386506111
72820,-36,-21,15.1657391404,1.1303113277,0.2549148174,0.4459236594,243.6681671672,2062.905905265,2327.2653087214,34.4219902582
7197,-36,-21,15.0794671991,0.8931044781,0.5370708337,0.4605465905,241.3485775577,2065.1131691979,2328.3830389882,11.7091811524
39163,-36,-21,14.9992922894,1.0343139468,0.4918483729,1.0783435085,238.7027344667,2067.0755655517,2328.0522790505,1.3794651679
12473,-36,-21,14.9322090418,1.5096815218,0.5049423032,3.5307121679,238.772615047,2070.5973643915,2327.6883757114,0.0411291627
27510,-36,8,19.1429016379,2.7676314149,0.2992683805,0.0064595611,235.6948353559,2030.1356313119,2326.4746739049,35.758159657
39920,-36,8,18.5656952499,3.1036305014,0.2898103595,0.0882216671,239.7854459527,2033.0136521432,2328.3845211138,11.3791016887
122510,-36,8,16.6621964552,2.9778722005,0.3978579258,0.4043917695,249.6146709915,2042.5980326688,2326.5891199015,3.7034572251
44280,-36,8,15.4383378984,2.5427330855,0.3330655415,2.029829242,239.6954041687,2058.0050330245,2324.9334407977,1.229174782
83105,-36,8,14.8496557961,3.3845395796,0.4166112509,5.040964914,238.9687921404,2064.7104898604,2323.1853715379,0.4150815693
31600,-36,16,20.1461619484,8.3900406669,0.3633700388,0.8139065873,228.5666406235,2021.7856883477,2327.868673433,95.2114547954
15600,-36,17,20.188220171,8.1069884272,0.4081831485,1.5057034432,229.8996067126,2019.0060274119,2325.4926224332,95.4427707252
194500,-35,18,19.5430528846,7.8058114452,0.5989586891,3.9531386224,238.81204332,2018.4926443264,2321.4691407496,98.1425324765
10590,-34,-47,22.0958214634,2.8366508569,0.0519756959,0.1018891737,229.1187100817,2045.642262676,2375.4824178038,50.0318634274
24210,-34,-47,18.3492967656,1.9751042837,0.14096428,0.4065877882,246.5968255084,2051.0084274461,2367.9875144083,67.9123534454
52950,-34,-47,18.0558042852,1.4177544249,0.1231331619,0.4503013484,245.6232540951,2057.376378378,2371.8284907774,5.01012016
4540,-34,-47,20.9247885726,3.8168594043,0.0927792087,0.4305128589,233.1898970794,2051.4045477783,2376.5351539495,0.8428912915
2025,-34,-32,19.3841691007,0.9296639751,0.0411199086,0.0278659456,224.8431706188,2048.9673458572,2348.7637497974,18.7639571263
1713,-34,-32,19.3625422247,2.2775782495,0.0455445422,0.028808844,223.3400428039,2049.7119139383,2348.6786016173,10.3281351848
682,-34,-32,19.3223921879,1.0969363689,0.0755217862,0.0297962388,221.7746629124,2050.535772926,2348.3596589564,3.1465170153
140,-34,-32,16.6323611669,1.1224466925,0.1908682461,0.811865363,223.5209571009,2071.5373763093,2348.9678051311,0.1244049048
199,-34,-32,15.3354657359,1.3074768385,0.3651354666,3.7766405254,214.701524847,2084.8212540949,2343.5841440033,0.0069211634
439,-34,-24,21.9003888509,2.2642364941,0.1134646764,0.0213055136,225.6085675018,2039.141149954,2345.1075096801,69.6028732524
1467,-34,-24,19.3570259555,2.8018815273,0.1458900128,0.0358916158,242.3924343667,2041.5517919938,2345.4516462506,8.1059277067
3167,-34,-24,15.8824978529,1.9734627213,0.330470265,1.6945909373,228.8609371232,2072.3268487485,2339.8877791109,0.7626973569
9200,-34,-3,20.9117536865,1.6286717477,0.1559206753,0.3702494056,229.4205969011,2036.1387101876,2335.6596870418,120.1274585482
10370,-34,-3,20.5886333826,1.5795536534,0.1458576976,0.0812060014,233.6778322717,2036.6354720389,2335.8993565177,51.0072695938
24840,-34,-3,18.9902395626,1.6016285335,0.1418836013,0.0843684535,243.7803969753,2041.1368426227,2336.0224596427,21.7520833073
17750,-34,-3,16.6277974541,1.643749769,0.1648314737,0.1333382954,249.2937271478,2052.1630235255,2334.1041357336,9.3139439955
44820,-34,-3,15.4980283541,1.6618619384,0.214311444,0.6916377317,244.800378681,2063.1279283476,2331.1823668616,4.0033742348
68430,-34,-3,15.0445644205,2.1090908775,0.227899123,1.6108644917,242.3825294757,2067.9551194718,2328.7605868406,1.7269688973
20485,-34,3,20.7822375372,2.6914856321,0.2192269242,0.2701394838,234.4414647244,2036.4443728822,2340.7421233709,119.8540941827
21200,-34,3,20.4218587501,2.4290613629,0.2190669047,0.2196386655,242.7017765632,2037.2127242525,2341.6616014323,49.1407110177
58000,-34,3,19.2702638447,2.6958587567,0.2216942066,0.5397259409,249.2394873679,2040.1931938838,2341.6563164451,20.2656592932
100920,-34,3,16.9255630046,2.5667714083,0.2465275353,1.139904882,253.1245081348,2049.5308610838,2336.6493645401,8.4019336682
129895,-34,3,15.6340180343,1.8317069518,0.2724363064,1.812130528,247.3481439346,2062.3816879081,2333.4768079157,3.5002708089
81990,-34,3,15.2069887818,2.5274159637,0.2382402988,3.5085493721,242.6163908997,2068.4239350749,2331.7680461893,1.4647457757
131610,-34,8,17.0334313039,0.2990355336,0.3182305559,0.7716464616,248.9298311453,2042.3869428161,2333.7376367274,89.8244171581
265780,-34,10,17.2783022383,0.1411513913,0.3365574907,0.5971957245,244.8091277532,2040.3117769476,2331.5842325181,126.1987038055
7565,-33,-47,20.988001269,6.5320299335,0.0712646443,1.8313070551,229.8709695557,2045.2101489688,2365.1692983136,35.6373039492
10591,-33,-47,18.9383904969,2.1441917406,0.165854974,0.3689596574,245.2730948159,2050.5610040508,2371.845428483,69.4337792619
19669,-33,-47,18.6738244475,1.5662656226,0.1372401858,0.4128590186,244.5083821964,2057.6376106974,2377.8478244463,5.8538195547
7560,-33,-47,20.810183096,5.9685921294,0.0684986963,0.9243383916,221.9615227661,2059.1949598692,2378.8424528705,1.789789401
49929,-33,-47,18.4969193281,1.6711482416,0.1427329492,0.5997117409,243.2203051426,2059.7854676353,2377.9207070047,1.4632253066
324,-33,-15,16.919721532,1.3438204075,0.2058042961,0.1004603771,235.638145415,2063.9470277109,2344.3058876888,41.9109110706
7347,-33,-15,16.8523766971,1.2563255113,0.2192842497,0.1346624553,231.5167904397,2066.5298821083,2340.9297486615,15.9298987165
56,-33,-15,16.4770899032,1.5815490169,0.2920092344,1.6734119357,229.8732998996,2070.6479173089,2338.6116012333,0.0998238134
10400,-33,-4,21.1703699558,1.7714801754,0.1429726342,0.0671577563,228.5618417073,2041.3871226,2344.546044836,54.2231521692
24800,-33,-4,19.6610387335,1.7901739854,0.1451774623,0.0513452933,241.2799300257,2044.0991268098,2344.0715058421,23.9493633974
17800,-33,-4,17.3840788164,1.8017198884,0.1576228234,0.0488452022,248.0297622312,2051.7637424137,2341.1527179908,10.6038224684
44800,-33,-4,16.2696938683,1.7543811838,0.1901074074,0.2424746843,243.4618714155,2060.6033072571,2337.9656374738,4.7060985474
68400,-33,-4,15.7558914092,2.1440232724,0.2326873168,0.8233895806,241.0804237711,2065.4706041533,2334.8855811189,2.0934477815
39600,-33,4,17.5098007967,1.2446533812,0.2525729334,0.3365199062,255.245238887,2043.5264668977,2338.6939761127,94.1286487804
28747,-33,17,16.510503725,6.1248048378,0.6051373192,3.763430642,239.2044436711,2038.8995213005,2320.4512253153,31.6451511928
194,-32,-25,23.4655218393,2.0638105263,0.0851513142,0.0024748087,217.8926745222,2042.7347808132,2358.0698797875,74.2916793672
1219,-32,-25,20.7563020456,2.3057543115,0.1054511852,0.0073863722,236.2274416192,2046.8488822026,2359.2172210495,9.3385431175
2085,-32,-25,17.0882678112,1.9923167736,0.2168129517,0.5407871954,227.7359586833,2069.0912574822,2351.1564865651,0.9632005528
531,-32,-25,15.8234643369,2.8511274257,0.4406252921,3.463624533,215.4097858542,2079.7704706139,2340.4758567994,0.1022993391
36410,-32,11,21.0113809804,1.1704842002,0.0579329456,0.0007938578,230.9018220489,2029.5233342216,2343.1582652193,32.8486684881
69190,-32,11,19.9825493843,1.055621682,0.0524687536,0.0190989489,236.900851958,2030.7574139604,2339.9495140779,8.8285045127
50815,-32,11,16.2538703053,1.1195670812,0.1362614898,1.0573462672,233.3299702143,2056.6804469125,2333.2524067057,0.6686286994
560,-31,-44,21.7969970789,6.8374718699,0.0841358957,1.3461349031,222.6548584075,2056.4429690734,2387.3077608026,39.2390176298
9060,-31,-44,19.5311722634,1.298876296,0.1273087442,0.2245990851,238.2089513391,2060.176660471,2385.8626771326,72.0622580921
33280,-31,-44,18.0667144017,1.3742329138,0.1642923191,1.1017126944,232.8854007224,2071.576436977,2375.8125983514,0.1986859876
80,-31,-44,18.8238649094,6.5358020738,0.1443118822,1.2239139801,210.7753644976,2077.3319313989,2372.1296435778,0.0655668698
0,-65,149,0.4201496093,78.7020400664,2.142734584,31.4044084034,225.818802002,2241.8453231501,2334.597866269,0.0002169767
0,-69,-174,0.9366014989,80.95530296,2.1722415668,33.1062195933,198.2534007106,2239.2012888527,2341.9629102185,0.0013843946
0,-63,19,0.9340268761,99.2950284946,2.2113806032,32.4094806719,214.1146245191,2246.2285118097,2346.7587317732,9.756969395256612e-06
0,-66,-14,0.4818392029,89.9057918982,2.4513415994,31.8075715739,199.2178510652,2257.4466402079,2348.568408539,3.4566864008390243e-06
0,-60,-7,0.5509761578,99.9283292395,2.256542921,32.0364252187,209.4511544637,2255.8434689729,2344.9035431837,0.0110357619
0,-64,-133,1.0528387021,87.3669370234,2.6498077843,31.4942047575,245.00520114,2223.1537661189,2325.2123834026,2.432029422776951e-06
0,-62,47,0.6574190323,81.7692460939,2.3186490049,33.2258382742,195.3823524919,2248.6605258565,2325.8822618717,0.0001488147
0,-66,-32,-1.2761076163,85.7476513722,1.8578842438,28.6658867067,335.2117438694,2195.8552483091,2329.0848961222,0.9565937109
0,-63,-22,-1.4383831615,83.9097278928,2.0238299934,28.4914321256,299.629732637,2222.2319350478,2334.8592158662,0.0067720392
0,-64,-34,-0.1156601391,108.1406710276,2.3080504918,31.7236610383,240.322231831,2242.7892001309,2347.1823850438,0.0026508489
0,-60,121,1.2209870363,74.1464059854,2.2829422692,32.4773147973,188.8352975557,2224.4377343492,2313.3012629843,0.0003581581
0,-66,14,0.0343754955,91.38044987,2.1405944428,32.3727966494,201.6351847093,2240.5667726356,2344.4749427833,0.0006514112
0,-62,4,-0.9583276799,84.3437180329,2.2672636907,29.9315250329,266.1661902943,2231.3323810061,2335.0283177171,0.0404782248
0,-58,80,1.680363716,83.8510231935,2.1937896384,32.4400905994,203.7318794211,2243.9667287045,2329.4690662308,7.991207260154141e-05
0,-73,-130,-1.614436954,86.9597254885,2.1943389458,30.7784597583,306.4883949355,2207.1916169005,2304.2874342735,0.0798406262
0,-59,12,-0.652501904,96.6489364448,2.1348351526,32.1515478791,254.9025663943,2230.7535312052,2332.3733363054,0.0037665067
0,-64,120,0.1567186234,79.2351807699,2.2461838297,32.3384048339,221.229653682,2234.7625388514,2332.9373090593,1.2337366125897866e-05
0,-64,-36,-0.0645768079,107.6487754321,2.214745537,33.5751247117,226.5689316032,2248.5986928619,2346.3329472218,7.162356334843639e-07
0,-68,-169,0.6088570806,83.7557923189,2.1738925684,32.5982001859,217.4742012795,2236.982487486,2338.3794071599,3.669074314063461e-05
0,-59,-27,-0.29329861,99.8534686813,2.1283964296,31.0374796396,236.5137979883,2243.0580162961,2334.7618633695,1.3381931907215353e-05
0,-58,-7,0.0891783215,83.3909737062,2.1902046118,31.0721816269,228.1694961513,2223.8646270116,2324.0111951761,0.0006694004
0,-63,32,-0.0623641988,82.3007783261,2.0576344945,32.1368761774,259.3918730838,2229.6984633788,2329.6088392211,0.0008349854
0,-62,-40,-0.8105078231,90.5134106305,2.0376712652,30.3345056859,248.7778009487,2239.5251720652,2342.0093204991,1.4390272679367512e-05
0,-65,9,-0.2956679322,85.2424199909,2.1501863151,31.3113886295,245.3551033366,2235.4827993136,2336.8171028969,0.0013452898
0,-68,23,0.5995763027,85.839874019,2.0919922678,30.1089247921,223.5662367124,2248.7622683606,2342.0646594,1.4979743761963785e-07
0,-58,-40,0.5106295115,82.6320743314,1.9833314108,28.8480234848,259.7720032275,2221.0240689868,2327.4822221512,0.0008413892
0,-59,-43,0.3855046852,82.6214967354,2.1752505119,31.2281883855,246.9748530785,2230.9652367391,2333.3453814022,2.8351242532529416e-05
0,-62,10,0.5985383039,117.0470485464,2.3506321263,33.7999508861,194.132445282,2261.6829753202,2347.3114892762,3.442169055956958e-05
0,-36,-73,10.3968894966,28.6861293782,2.8223585607,30.3311260194,26.24731794,2260.7121054761,2276.1669971646,0.0192221977
0,-64,8,0.6191032087,97.094036203,2.2950139296,31.7110943163,204.6146840949,2254.9200094262,2347.3789655224,0.0051145721
0,-60,44,0.5341788743,78.4353636937,2.2650950571,32.1727386878,203.941661217,2238.4602921711,2318.7266108611,0.0002450943
0,-66,-145,1.1123262237,86.6990092461,2.3055159308,31.9412952631,213.4222640681,2249.5592836433,2328.4303785929,2.8073391876013707e-06
0,-61,120,1.4779312254,69.715076976,2.4397124389,34.5427812331,193.3626349402,2240.3050773109,2321.3358166466,3.01824360020761e-06
0,-61,14,-0.5753169605,89.9632158171,2.0863776949,29.6821032485,268.670316844,2225.2096188985,2329.4354274412,0.0048434822
0,-59,-10,0.1947873744,95.2419158732,2.2662785476,32.938828989,272.0031268477,2236.6214245682,2334.4177419801,0.0001072384
0,-64,-19,0.0403702103,89.2263822846,2.3133000332,35.3006977652,227.4317136342,2245.7445624598,2343.2164723575,3.0882060643614134e-05
0,-64,-160,1.2533841157,82.5137022669,2.1838014679,31.5902208085,208.4198939416,2245.3413067335,2336.508400802,0.0001480602
0,-66,-5,0.7407751556,97.3162980976,2.2480234869,30.9527267278,205.7495930136,2252.7097624903,2347.9065984024,9.069010894634367e-06
0,-67,-46,-1.8491113563,84.0770388686,2.0929909825,30.3671892659,274.6237692947,2227.0217869079,2338.3073722282,0.0141639615
0,-63,71,0.8132115643,79.5190968852,2.4513124117,33.1931213302,199.7202676957,2244.7450618689,2319.4649183354,0.0001855387
0,-62,148,1.2220237136,70.2705814994,2.3596742619,34.873496786,199.9936711494,2239.3487306155,2321.9711972691,0.0014475725
0,-71,-19,-0.2380030241,88.4772038921,2.0887285693,28.6178129141,291.4510932318,2214.9834830398,2348.3106652153,3.896122658170533e-06
0,-61,-47,-0.9653135971,89.1544676279,2.0989166475,31.4423663629,272.3289167677,2222.9482941592,2329.5412229476,0.0006466823
0,-67,22,0.3674908196,115.4964858711,2.0820757685,31.6580933728,199.0068435477,2258.6230193301,2344.8131504089,0.0043771999
0,-68,171,-1.7141894264,83.7013060583,2.0091527702,31.3070179834,305.3990487925,2216.6910724715,2319.342716732,0.167862004
0,-65,176,1.6342030062,83.4412782126,2.1957751681,32.3623637801,205.9715120603,2234.5319257253,2324.590803021,7.309893070160854e-05
0,-60,60,1.3327143071,83.0667808018,2.2374944619,33.2035631887,233.8990899219,2228.5900783875,2317.8787873962,4.717801293659643e-05
0,-61,2,0.3529854739,112.4804701881,2.3326081676,33.4444018996,200.7939058888,2262.624014561,2351.2707191963,1.935420153736404e-05
0,-65,-32,-0.229182418,103.0583301538,2.3097763076,32.7250320464,237.9544664502,2251.6554206281,2349.0701520851,0.0013956258
0,-66,-40,-0.6301966883,99.3525100162,2.275814752,32.858138096,221.6558789504,2251.4561931673,2347.6013703163,0.0007296453
0,-62,133,1.5517771172,74.1810269356,2.3968159829,35.1914142775,199.8803417557,2230.9395024111,2321.6779440229,2.6687647296763357e-05
0,-59,-4,0.5173410345,89.808045258,2.3145019453,32.100208031,200.1141177607,2257.4588982384,2342.6366315585,0.0002020135
0,-55,21,0.5329213906,83.6882929738,2.2371359131,31.5304254087,215.2720498992,2244.6813824068,2334.9622438194,6.577503524128786e-05
0,-66,-164,1.3750387393,90.2723251989,2.3429062556,34.3974216981,177.1865958812,2252.6821095408,2344.8656476377,5.477335263340628e-06
0,-66,-34,-0.4257557897,83.3466216618,1.7195303515,24.6185584093,344.2292914941,2163.6093453505,2312.5755200931,4.850259807
0,-69,-26,-1.4929301616,87.8855720227,2.0111422355,28.7495253982,310.6138553411,2204.727906461,2331.170053677,0.6283660106
0,-64,167,0.9009539536,89.3625883846,2.2216467647,32.4861412351,197.4238577393,2232.2160936347,2329.9105542347,5.207849215915111e-05
0,-65,82,-0.380542703,77.6117641148,2.3809397099,31.643092959,216.9922702028,2240.8251122108,2324.4200689924,0.0007020786
0,-64,13,0.8756707358,94.3539376151,2.341165186,31.9626256613,203.8712002317,2252.1858596807,2346.9609934962,0.004117162
0,-65,-33,-1.2442816258,100.9837126731,2.2333311741,32.2306146635,264.9014012851,2234.7317542669,2341.3270513269,0.0018412018
0,-64,-23,0.1170227942,95.1150754434,2.2950142631,33.7869647396,224.9899695785,2249.9157482749,2345.5876993624,0.0003530273
0,-60,38,1.1191533605,86.2627216094,2.3066544124,31.7360183472,228.4587616209,2228.9231532303,2324.1813226745,3.8739636780608416e-05
0,-65,-45,-0.8725018978,98.0195370471,2.2433572524,32.9116943571,229.8368786304,2248.2407937195,2347.6133411913,0.0098364464
0,-65,-38,-0.6772937158,81.7352766268,1.6709925613,24.5492712466,338.3113221683,2183.5025173502,2320.9470232925,2.4995020117
0,-68,-68,-0.1944549987,85.0067634508,2.2654956598,28.9161081389,223.1649398878,2206.9194281407,2308.1084441153,0.0242767936
0,-67,-30,-1.6008881805,91.7161328088,2.0486738465,29.558329758,297.1003048432,2218.7328625346,2336.7465076908,0.0835185858
0,-59,-1,0.0778832254,93.4897342936,2.2509950662,31.579136332,233.9573414632,2240.9650212481,2336.536662077,3.776623174364268e-05
0,-67,-24,-0.093614205,99.3058662376,2.2719339359,33.1669363029,217.6852382802,2252.9772279523,2344.6929670079,0.0001636415
0,-66,16,-0.4912058608,87.6556494333,2.0813860739,29.5455276921,259.2934915693,2230.2468239605,2333.2127430747,0.0037793205
0,-61,-36,-0.0176023939,104.7277580876,2.2987329005,33.4381071455,238.0949805756,2244.1088612858,2345.2426251064,0.0046987472
0,-55,6,0.6607289879,84.616604591,2.2856380102,32.5909140993,232.0225263575,2233.4095722453,2333.9621243153,3.8116718400614745e-05
0,-61,71,1.560626654,76.0977678706,2.3452753191,34.6404052688,189.2586681112,2250.0984726097,2327.7863383082,1.636942461811503e-06
0,-63,3,-0.3587225054,86.0559170745,2.1876384947,31.3989470317,226.8439686667,2248.0569202544,2341.0940411572,0.0039561957
0,-65,153,0.4503057206,81.3042539688,2.2354085622,32.078094755,210.0837686283,2251.7005948488,2332.9284120305,2.686076268366624e-05
0,-66,-165,1.2985410544,70.5896534381,2.1368122924,31.9291781856,173.7962470311,2224.7822011648,2339.4411687663,4.382538771081153e-06
0,-70,-88,0.0474524505,81.5003008249,2.2997352147,31.4983316508,232.4356742055,2236.2469164117,2323.279223224,0.0059929898
0,-68,-52,-1.043805964,87.6128964766,2.170920521,25.6966211823,255.4687074677,2231.2342390324,2341.6807921314,2.3398731551817144e-06
0,-63,53,1.097055591,80.554802134,2.1588650032,32.8191664118,191.5536524995,2256.007841179,2335.3307930775,0.0003005097
0,-62,107,0.8690815626,75.1100386093,2.3032864824,33.2780670313,203.9966138965,2244.6368656173,2328.1443544688,1.0146039556653172e-05
0,-65,173,1.4137578739,83.6173107338,2.1413089089,32.2675233362,213.6349229059,2231.6631910007,2318.6545955405,0.0001184816
0,-65,164,0.5335584107,87.0301688367,2.0302169041,32.2775087157,208.2039697683,2235.3048162832,2341.6235777847,4.009033373281636e-06
0,-57,-4,0.1420013154,91.7604047374,2.2158893613,32.9745034908,228.1213155527,2237.3239531485,2328.9289190766,0.0002578622
0,-66,-37,-0.0986178918,84.0177798283,1.6898888643,23.8572676471,344.7983461886,2148.8167021345,2302.4564448606,44.6781516302
0,-63,-44,-1.0871434896,84.8861984332,1.8370388876,32.5222307628,275.702589184,2226.6049106315,2337.5115295076,0.0004507388
0,-68,-69,-0.5810129398,88.939229115,1.6990674302,26.8928377389,222.6600983586,2205.6777304714,2294.9075727064,0.0319019901
0,-57,15,-0.0653559299,96.5579098565,1.9701792279,32.6395713094,253.9037518914,2237.1302576531,2345.3466626666,0.000164198
0,-60,-14,-0.1920970943,83.7803191102,2.1795131791,30.2275305274,237.360235126,2239.0827475072,2330.8798987505,3.109128200655358e-05
0,-64,-56,-0.9401600063,73.5835494995,1.4411928654,28.555226326,328.9715118408,2201.0467159035,2327.6180665308,94.7903714312
0,-64,64,0.8808048307,81.8586139982,2.3617186467,34.4761895501,184.9936857643,2261.1632192081,2331.4075175335,0.0003701451
0,-60,-8,-0.0873554777,90.1434146311,2.2088008686,30.7061275223,219.0657961253,2238.2499528735,2333.6438747041,7.339294184526675e-05
0,-67,2,0.0018799296,83.1548660317,2.1182166902,31.1405296949,246.0928710736,2229.2584305703,2348.0962078575,2.3704211277870148e-12
0,-65,-48,-0.3391841223,91.0669627445,2.235166068,31.1845425089,223.4834683205,2248.8365618077,2347.9574264477,5.059241161767232e-08
0,-74,-113,-1.2417700176,92.91292952,2.2293889521,27.7234502845,269.9626068112,2217.3137941312,2315.0975323707,1.508367376894958e-06
0,-62,-12,0.1306276204,96.3034057681,2.2277856494,30.4741893514,215.7492416281,2256.9511412896,2345.0631652852,5.007276431182832e-05
0,-61,-18,-0.5126447443,93.7532168614,2.0817038041,30.5393006226,278.2919098629,2232.6315143921,2330.5210771836,0.0014029616
0,-63,10,-0.2409010173,90.4067021219,2.1459520359,31.1677244522,239.1632022999,2238.523120278,2331.6109192402,0.0014952832
0,-67,-69,0.8015236814,85.2404138861,2.400303764,33.950621284,201.0408674427,2225.9395010779,2347.6078065331,7.304428115587245e-06
0,-62,-42,-1.3502266177,86.937847927,2.0526979376,30.5052781987,274.0813735212,2220.812486522,2328.4990609108,0.0012414
0,-60,106,1.3939855732,70.3356205692,2.3487923517,33.5103985256,195.5478687581,2239.4106942127,2320.8267702542,0.0003050998
0,-60,-2,0.3894678392,98.6643075696,2.2308947901,31.6953367005,202.7746119946,2260.6896300353,2348.0798602953,0.0001752582
0,-62,-56,-1.0633346039,83.0004859992,2.1017662905,29.0965616857,295.6091886411,2224.5453077923,2334.5724996475,0.0001874766
0,-65,35,0.6190704878,87.8762225823,2.2375023392,32.5410457353,204.6486534136,2252.2829875754,2339.0816491069,1.8429964160106448e-06
0,-68,173,0.4311252583,80.3178082773,2.1910579651,31.9287947411,224.0711710637,2240.5315524115,2328.1236779751,0.0001242092
0,-73,-141,-1.5926262761,113.5274938925,1.6134912303,34.4584630252,306.0905463495,2186.9902385404,2303.138664304,0.0071187533
0,-63,4,0.5028030679,96.1279010124,2.254631873,32.3376454972,210.5969948106,2247.3290068619,2341.6835602519,0.0001231297
0,-63,153,0.7972780879,74.0938093914,2.3116970329,33.151811236,198.8420119785,2220.0241265695,2321.3176729229,0.0056831153
0,-64,146,0.9011546953,83.3427382454,2.3080663556,32.8106906663,185.5147098226,2245.3906610695,2331.502171391,2.727518155524544e-05
0,-62,153,1.5384114547,78.4987900434,2.3151856568,33.4382374568,181.8222997537,2245.1282660425,2330.4403329603,7.711423680008282e-05
0,-61,-45,-1.07275036,87.6225183137,2.0799130873,31.2176510757,275.8950187042,2219.3051965884,2326.4907700858,0.001465077
0,-64,-4,0.1704944988,86.6363210407,2.2230351473,31.4562339471,220.1874340744,2248.1736684781,2339.0034108743,0.0001814388
0,-68,-77,0.5498726781,79.4384516417,2.2281789313,32.9824621138,224.2083687053,2237.6949528654,2329.5560833627,6.865753107422518e-06
0,-61,-15,0.135882159,95.6082223178,2.1804844095,32.5890302961,210.5718589984,2245.363519672,2340.0558234648,0.0002418732
0,-61,66,1.514514656,73.7077069082,2.2780126359,34.9458538549,198.6490802505,2243.3693717821,2322.0686181739,1.253606335612526e-05
0,-64,118,0.6364888618,85.9895205867,2.1127038746,31.9531244043,224.7808211517,2238.453438172,2337.3794740853,0.0014974717
0,-62,80,1.447989451,75.2562002972,2.4017987989,33.3954291594,195.3290562329,2248.7102279956,2332.7886170561,0.0036545155
0,-58,83,1.4832877193,79.8393305623,2.267423219,32.5039017773,223.9197206183,2227.9351457518,2322.815766986,3.39125301108381e-05
0,-63,-38,-0.9575877135,91.1805253859,2.1705100177,31.542641721,255.8727771957,2236.8964704022,2340.3666956831,0.0300251024
0,-61,-36,-0.8419245885,88.4671193144,2.125617753,30.0191852431,276.7012687871,2225.650546469,2333.8034588448,0.0458675708
0,-69,-31,-0.2641784555,97.1408641973,2.2195169688,31.9910368057,206.4038203051,2258.2953385597,2349.0228851255,7.433589782005895e-05
0,-68,163,-0.9534590282,82.7574923199,2.011309727,32.4692170484,265.0722165214,2233.592391249,2332.4714689952,0.0001300851
0,-74,-128,-1.8452599728,93.4596520215,2.1471496826,30.6472225301,267.6263276935,2220.9239888281,2299.3544553569,0.0725400527
0,-64,-64,0.5048185692,81.3011227037,1.8785010839,33.4683942571,251.4449572252,2235.8915561928,2335.3669027078,1.177411951173346e-05
0,-66,-76,1.1716112676,72.1016478043,2.2240992659,33.4311631991,198.9391636821,2224.7063185704,2318.3822553107,6.781865656202582e-05
0,-65,-166,0.6347677811,76.9547729492,2.2879372995,32.6254281093,212.6129948614,2241.8037884689,2330.6679835326,0.0001559992
0,-66,-6,0.7748420636,99.6271998572,2.1933981158,33.4270012886,211.1717452729,2253.663159924,2350.6621865043,2.157143302780276e-05
0,-73,173,-0.6260686452,86.0751813398,2.0933128619,30.9626743882,246.6119131745,2242.3484933805,2337.7074683179,9.870839864498488e-06
0,-61,-2,0.2319391214,88.8687446028,2.2259043627,31.3768926011,221.274772307,2248.8881968689,2339.3200845429,0.0001498874
0,-64,32,-0.0702758238,81.1778967289,1.9132917418,30.3940221772,245.1876808047,2239.810401046,2337.5002242329,0.0018317916
0,-66,-71,0.9658737832,81.2299717276,2.3223501031,33.2439208899,247.7915137199,2219.9755660948,2332.2487715693,3.141816602471637e-05
0,-62,98,0.1150655544,81.5163072198,2.5227455804,31.521950599,262.2204620235,2228.0695804366,2322.1640947083,0.0006428515
0,-66,-15,-0.1789660741,99.8148311124,2.2604522676,31.7044401882,227.2308834866,2247.9634168846,2342.168072004,6.289787742197303e-05
0,-62,-150,0.6462839792,81.8856989604,2.19853931,32.3784687064,248.7942285456,2193.3749155842,2332.4566072294,8.926191244996946e-05
0,-69,173,-0.6194173031,82.3509944145,2.024953844,30.3900702956,257.4757273565,2224.6966979833,2321.9854013935,0.0116869903
0,-69,-71,-1.2436100235,94.0749282688,2.1999633315,31.5854186937,282.8768005352,2208.2193266569,2318.4852548317,0.0100703032
0,-69,20,0.0455500249,90.811982477,2.0233303719,31.0760317911,211.3038871512,2253.3029572096,2344.6817700624,0.0253136966
0,-68,-172,0.3579794645,79.6439234862,2.2071670276,32.8610003065,207.9487858505,2244.8567700099,2326.7657654503,1.8485313292048208e-05
0,-71,-33,-1.7004254114,82.5148472278,2.1549993913,26.0636994486,268.2906257817,2227.3119090771,2340.1538534652,0.0268080417
0,-59,-36,-0.1917878316,87.2182183163,1.9199205409,30.427415877,293.0808149188,2218.8453250301,2330.6255767703,0.0130376916
0,-63,-21,-0.7632365069,90.8979863507,2.1573938387,31.1862602445,249.9179322365,2237.0244762304,2339.337967821,0.0354189934
0,-61,78,1.107208317,87.5599487722,1.7698745905,32.1607906546,273.849499555,2225.4789888857,2328.5640952105,0.0005023389
0,-67,-168,0.1583896282,81.461090622,2.2066529599,31.7294087335,242.1745824935,2212.5195742157,2334.3364196239,0.0001064268
0,-69,-43,-0.328194408,99.2385222056,2.2678972462,29.2444244846,233.016743581,2240.9465677134,2348.5552486228,5.071038367570638e-06
0,-70,-160,1.166564226,84.0517252947,2.2616468985,32.2216485562,219.7678035518,2236.6512071919,2339.539808099,3.989330915088083e-06
0,-70,-28,-0.876077189,74.0076123938,1.6859981504,21.9437629361,350.6397631965,2151.0912783298,2305.4989140604,70.343494013
0,-66,-44,-0.786859978,92.9882887568,2.1693455741,31.0152156697,248.0396452867,2243.2966599527,2346.0230807367,0.0015728849
0,-59,-46,0.3957472807,88.4741067666,2.193944095,32.2568543253,243.1263654227,2230.3936420624,2331.6863060735,0.00018947
0,-61,7,0.024909766,95.3020119724,1.9573123823,32.3059012764,224.4026263757,2250.221123025,2342.8934245941,0.0002685112
0,-68,5,-0.7415107534,83.1612379715,2.1770885854,31.2093764783,260.7990745466,2229.810501489,2336.3662690132,0.0001531724
0,-64,77,0.5043503629,78.0459052402,2.3712018502,34.2378773516,196.1722388654,2252.9766769448,2326.6295025462,3.0752602522583434e-05
0,-62,-41,-0.4372755942,98.8500374939,2.1709974922,32.1610026534,232.2724216563,2243.8152245577,2342.7212517777,7.259587554811066e-06
0,-62,97,0.4698725011,81.1299485619,2.2596286728,32.6954014244,224.6777240773,2239.1034845525,2333.3034490374,0.0001493817
0,-72,-127,-1.4967822081,86.2896083122,2.2229258887,31.0379089027,289.5456599777,2209.6344827116,2306.002573598,0.0262104524
0,-61,16,0.3564794281,86.3748389622,2.1832131866,29.1749577129,222.2439899614,2246.665844522,2341.3502405131,0.0013967149
0,-66,-30,-0.0234439518,105.0321553559,2.1597454143,31.5916737116,205.9054143559,2257.781575079,2349.6090588033,2.152027010971103e-06
0,-66,-167,0.2313573215,79.3768457405,2.1148685796,32.5482084724,233.2540225126,2228.8581909849,2334.1115036142,0.0002091039
0,-65,-26,0.0967909184,101.992629237,2.2742053765,32.7246417679,233.0576003341,2261.4998274808,2351.657478637,6.101814977790372e-05
0,-58,9,0.2158322733,90.4973067954,2.1256979915,32.4470009694,240.0636199424,2240.1454490294,2345.8813716758,0.0004777031
0,-70,5,0.1718099867,95.3651695624,2.213608265,32.0097637137,251.1155322194,2228.4302482564,2343.2253805904,0.000128754
0,-60,-20,0.2089901363,90.8812251002,2.2171794081,31.8344841392,236.3401005604,2242.08400895,2337.7929228752,0.0077355052
0,-62,64,1.2713249834,82.6886240943,2.3611593159,33.4613632882,222.9266094934,2237.8437889653,2325.4897647722,4.1669983052180576e-05
0,-61,-28,0.145710469,90.2529175985,1.949887792,32.7920590586,226.2264740907,2249.915420685,2346.6564581501,0.0024502966
0,-59,-6,-0.6842378166,87.1799619269,2.1155208726,30.6270302228,295.8266209448,2224.9062830563,2329.0366751096,0.0021284298
0,-59,2,-0.7687166805,85.8483345442,2.1718731749,30.7947102536,267.1406732835,2226.6604864089,2327.7938755963,0.0011475883
0,-71,-19,-0.2036729045,95.8878858005,2.2217688326,31.6292801926,220.1471692098,2249.6871284017,2342.5851312602,0.0098547567
0,-75,174,-1.1946238779,81.7307604967,2.1441631337,30.745510337,259.4325348842,2239.7864041438,2335.8905639499,1.2645348869273627e-05
0,-64,114,0.5480686415,84.9511052317,2.204559615,31.7427271873,200.2123149176,2251.6064069269,2338.4280634054,0.0029850195
0,-71,-126,-0.5603792477,81.0741164926,2.2343883758,31.3870861172,244.7574507713,2230.2311760572,2316.5607710342,0.0001024033
0,-67,-172,0.5401093378,83.962041342,2.2484085388,32.3879856539,210.0933931612,2220.702909035,2336.7024792522,2.077266116785668e-05
0,-65,1,0.6343248137,92.7055912934,2.2455078045,32.227396221,204.1685774935,2245.4089012945,2343.6709756198,5.571330775558655e-05
0,-69,19,0.1666065547,79.8514209056,2.1618074099,32.1785963257,238.2628565971,2240.2181472306,2342.9111690281,6.284014141272523e-05
0,-74,-117,-1.9135600328,88.8526039124,1.9471955337,26.9939584732,313.8813781142,2168.9816069185,2285.9519683664,0.0011765142
0,-66,154,-0.5572863512,82.4242808608,1.9886600401,29.9928884563,253.1828413496,2232.6896193855,2330.4299336534,0.0064594864
0,-57,-5,0.1023960785,93.1932989054,2.1441656328,31.5606965855,247.3284224195,2233.5259569766,2327.3674555788,0.0005562585
0,-64,114,0.8609583662,87.0197497785,2.3741752003,33.2369135507,180.1038743217,2257.6005806547,2342.4402702445,6.792241242962671e-07
0,-66,-39,-1.3657978262,75.3269190111,1.8204740573,28.5800294063,327.9645232867,2188.9189685917,2322.0496782447,91.1388484224
0,-63,89,0.3282799893,76.3165918088,2.2182963934,32.6478425331,214.528425359,2246.2494576533,2332.5247145086,1.8440336759134348e-05
0,-61,10,0.4179004067,109.5011904518,2.2790193929,33.7082088709,211.6567565676,2252.4295939565,2344.819078521,0.0001275157
0,-59,3,-0.6012720257,86.4873355459,2.130932316,31.4397210261,251.4016322664,2235.9120823102,2330.8755401114,0.0023933431
0,-70,-79,0.1514941099,86.7982798883,2.2637660596,34.6832949926,247.2315287589,2221.5340724366,2333.5898952909,1.2996126715597532e-05
0,-66,155,0.4467797118,87.4839593547,2.1984080472,32.600570834,210.7017919418,2216.4429597961,2335.8151410582,0.0002704773
0,-65,-7,0.8618720409,105.0515683908,2.1853552524,33.4599949144,202.6840619573,2258.6245700952,2351.4807638609,2.9785322989244924e-06
0,-66,-14,0.6790717065,102.6507827344,2.2689433104,31.5294517923,213.1744505667,2262.6812852892,2350.5525912531,1.0830338584419187e-06
0,-73,-127,-1.477664014,88.787757882,2.3695732635,33.6543395718,320.5670763694,2198.1284233065,2313.3312537732,6.961994847280443e-07
0,-66,-3,0.836499629,97.282854443,2.2737383379,33.0223028545,193.6669488627,2258.8383390997,2349.4621842595,3.3174100997453764e-06
0,-74,171,-1.2301347601,82.6028042694,1.994528527,30.4857072609,266.2007182044,2243.2188738462,2339.2629161019,2.1913581311794915e-06
0,-66,12,0.4430374273,97.9689439202,2.1878911771,32.3391458984,209.4889049922,2240.6652690747,2347.2578944193,1.57888269158216e-05
0,-60,-15,-0.2260006349,87.6130089112,2.2777253771,32.8265700426,231.9080267085,2239.9858325713,2331.7245160159,5.430478788269244e-05
0,-60,-44,-0.3183780337,84.3838090448,1.9824363108,30.6359131062,295.4901257273,2214.3895037394,2326.6405493103,0.0063463603
0,-74,-113,-1.9507850051,83.6090568532,2.2014232639,30.0099372845,263.2937103221,2199.6671499185,2286.2499658448,0
0,-64,11,0.5702388062,104.4144824358,2.2573059896,32.1184042384,216.6757921024,2247.5928973131,2342.6894851602,0.0001954884
0,-60,-10,0.0037019015,81.3461396365,2.11563999,30.6331540671,238.8993964265,2238.3418441369,2335.1513439422,0.0011346382
0,-67,-71,0.592820885,85.5036996593,2.1084532454,30.7602691468,220.7851893494,2240.9586324374,2341.2322020907,0.011403227
0,-64,-13,0.2182869604,100.8208445995,2.3449127184,31.1274726559,219.6436558156,2253.227690209,2346.3479150374,3.698746394048076e-05
0,-65,-67,0.8763139631,91.1619297093,2.2808334468,33.2970134794,261.6380354924,2223.8337849003,2344.4185734784,1.569287689485194e-05
0,-63,-19,-1.0298717964,92.2969996307,2.1807809877,28.8147657897,275.6149422003,2231.5549231296,2339.4880716457,0.0111506055
0,-69,165,-1.2513636569,73.6723998195,1.2526762803,16.8839525877,359.6835379823,2162.7002371563,2297.5336510431,42.605777922
0,-68,-14,0.2762945248,90.4094078618,2.2603648041,32.607117675,231.7306366555,2237.3510068606,2342.2131184607,0.0015623008
0,-65,110,-0.8198295359,84.3121319485,2.4057323804,33.6484220321,254.6027929779,2224.6507213633,2338.4197722121,0.0003314485
0,-64,59,0.3134492599,77.1627662134,2.3497607919,33.845329308,217.6523349375,2240.6863085469,2323.5002453877,0.0004832078
0,-62,54,1.5489142023,84.3858892278,2.4149676606,33.9855736083,174.6992983626,2257.2427913684,2335.4914006839,7.815485707443436e-05
0,-61,85,1.2796237539,86.2960913046,2.0570899535,32.4448518851,236.8063241617,2229.3136796552,2327.766145903,4.702692689176732e-05
0,-62,-149,0.265180719,89.4684085179,2.2658831304,32.8906798631,224.2033491415,2210.2607658353,2332.1764659163,0.0007070138
0,-65,150,0.310787371,79.5718889503,2.1562641311,32.0165419888,225.1228166926,2241.7783007811,2334.6655775761,0.0002154145
0,-65,5,-0.2549583133,91.609864402,2.2026108852,31.1982323692,216.1728493777,2242.8420537636,2342.9693835467,0.0003263464
0,-62,-47,-1.1196796707,93.2163581969,2.1299202767,31.8283150462,264.5498331812,2228.8417053109,2334.8409609458,5.4158700930736655e-05
0,-64,-47,-1.389276056,87.8280022086,1.9154647601,29.6094405894,310.0542975198,2213.288140919,2331.4655041678,0.3136137708
0,-59,20,-0.0279513302,85.5959196156,1.9380594227,29.9525614,311.6180300319,2209.2674352621,2326.8275888003,0.0060915262
0,-69,-3,0.4810336331,88.3480610878,2.1529731169,32.3882608505,226.4546612748,2242.5888029073,2341.9500021131,0.0056807148
0,-59,78,1.8445782865,84.3181174972,2.2931823897,32.9105654339,199.0205083614,2237.8868523439,2332.061810499,2.435163189771358e-05
0,-63,12,-0.2500670717,93.3223920604,2.1399693545,32.5117182602,204.6160827574,2251.3605023784,2340.1186486456,0.0007164233
0,-64,-63,0.5785680022,81.694097151,2.2561990739,31.1595436148,218.1865007281,2243.1947761899,2340.7814218951,1.916326747272945e-06
0,-67,-148,1.230575531,84.5405205496,2.2275581509,32.3459543122,201.9912020368,2234.8956111599,2343.0624273534,6.250099734657358e-07
0,-67,-149,1.0703548144,94.1409015215,2.38314193,33.396292049,169.9252388591,2266.6456447698,2347.5710282104,1.9726156004224643e-06
0,-61,18,0.2380129389,90.2592910776,2.0132063374,31.8418392963,235.3079755286,2239.528352039,2341.7437994853,0.0037816369
0,-65,167,0.1023669959,85.2882707065,2.1881588499,32.0895257797,246.1322561614,2233.2035016662,2328.2027229128,0.0072760486
0,-60,-39,0.1503335722,89.2583158507,2.3275766148,33.1724548349,240.06069811,2238.6586646196,2341.1587536132,0.0028876134
0,-62,76,1.4319050752,78.1096857539,2.3387993134,33.5500445678,197.502579909,2253.4298662591,2330.4313534248,8.048213004307148e-05
0,-60,85,1.2835503264,78.2138204091,2.2712196797,31.6548988421,207.343771802,2242.4820100237,2330.2666680545,0.0010767783
0,-67,172,0.660793707,79.8253723545,2.1498997833,31.7632328388,230.3266724104,2235.0999652162,2325.1831196378,6.373118363088988e-05
0,-65,-25,0.3703209924,108.1675305515,2.2190248243,32.6314089305,201.452529965,2262.4611818365,2351.8038154801,0.0010196884
0,-60,77,1.6492012071,74.6509607815,2.5590636463,32.8264813649,207.612998664,2236.5600471148,2331.7492293871,2.474165847915786e-05
0,-67,-36,-1.5601490377,83.0747910841,2.1719170822,29.7270558178,275.9313518818,2234.4095376518,2340.5851105408,0.0035245884
0,-64,-5,0.7311438629,100.1001864769,2.2302370294,31.3882058834,204.4444353468,2256.1238740704,2349.0955180717,1.8859220389164536e-05
0,-64,-27,0.1490945403,101.2944735965,2.1898259863,32.1486597644,207.2588807894,2261.6345611604,2351.8016923557,0.0080065457
0,-65,-23,0.2891602117,99.2979050496,2.2217038803,32.1029459512,207.2496006204,2257.8053226472,2350.3256051836,0.0046442945
0,-69,-19,0.3572448281,94.8623903842,2.2250012508,31.9712012769,198.9803837624,2260.9822519353,2349.1433725423,0.0011974674
0,-60,-11,-0.241894122,86.8206887411,2.1900641055,30.3916419,227.1542291562,2241.0198573867,2331.0790410693,6.09046361552429e-05
0,-63,-29,-0.858798567,83.8625159743,2.1021817799,31.0003734201,266.9172617021,2233.9420940025,2339.4077203204,0.0003178169
0,-59,79,1.6793196847,80.1750287641,2.2358622195,34.0294693074,193.3783469965,2236.0919578253,2332.5349108317,0.0001539342
0,-63,-37,-0.1296394647,96.2590230533,2.0800462541,31.5064495899,230.8257463435,2246.6887654744,2347.6251875602,7.51890692745248e-07
0,-70,171,0.2469738644,84.9536474116,2.0493867713,30.6825110975,241.7978967755,2241.8457448351,2337.8852431331,2.1319380388782112e-05
0,-69,-46,-1.7417211311,88.2101334236,2.1226435695,25.4006216439,286.847273773,2219.1931912561,2336.6122449068,0.1250645662
0,-65,155,0.9273890574,84.7729127643,2.219365153,32.8542491244,212.4188811452,2247.2047939307,2342.4815950729,9.774797264133676e-06
0,-69,-21,-0.6152294426,93.6591227882,2.2277732736,32.6918849244,225.4835278883,2249.4223675608,2342.4275866791,0.002768248
0,-66,111,-0.7937600003,88.788887037,2.0222240689,31.38799954,257.88775637,2222.6360311348,2336.8855392257,0.0038612656
0,-63,-48,-0.5284280226,99.9713474451,2.1940130033,32.4184896097,252.2904376845,2237.0373706903,2343.5721064547,0.0408008784
0,-72,-77,-0.7038550111,109.4543059766,2.2235134854,30.8918567635,250.7993592247,2248.2755024193,2318.2746884295,3.7742964897637214e-08
0,-58,2,0.3981127258,99.0856131118,2.2799792261,33.7233302047,215.9195570509,2245.8702754212,2340.2403811954,0.0001012813
0,-65,-41,-0.5562699982,90.472645729,2.1859531812,31.168059428,225.0748249881,2249.2205856296,2346.7098502343,9.700308823591232e-06
0,-67,-22,0.6448995092,106.3964200927,2.2612981356,32.1812758275,197.8089423566,2259.4252095261,2351.2218982641,7.771760058486445e-07
0,-61,-18,0.4574723128,84.8539634993,2.4613955119,32.5468825958,207.4697309259,2249.8770857611,2339.9897659344,5.28310369489728e-06
0,-65,23,0.4207069058,112.8403587105,2.0882680125,31.9399267594,203.555678519,2254.7353430231,2340.9387999647,0.0002540651
0,-58,4,0.0098189622,93.5517657406,2.2076963221,33.427233155,227.8929540464,2240.8956839938,2335.674958334,0.0008643133
0,-69,-79,0.2759863175,84.7961682374,2.1843759425,31.3395922509,291.6363726647,2203.9950897107,2337.4398672039,6.032963233448568e-05
0,-72,-79,-0.8258599942,112.55523297,2.7062779658,33.2236289917,258.3011325002,2230.0135017353,2343.8472567751,1.299250026124162e-06
0,-66,-26,-1.2996980179,92.5228974742,2.1998998849,31.1775218636,263.3735093708,2235.5123326036,2341.6857617938,0.0045211256
0,-67,-175,1.0852772131,84.4246323047,2.1939744836,33.4359697973,173.9117893058,2267.1426837814,2330.5853168253,6.641903335795936e-06
0,-66,-20,-0.1449828131,104.8947127719,2.3095451966,30.4587570197,253.9205986132,2237.9486067152,2347.6439018876,0.0037070032
0,-59,11,-0.0369004434,107.0856278291,2.3119834494,33.0039320557,221.923959603,2253.8351924838,2346.6229725633,0.0174192668
0,-62,-39,-1.3187293517,86.2992069117,2.0729102579,30.0933788317,266.8894693099,2224.1933756024,2330.7221586081,0.0003502493
0,-68,-37,-0.7918927616,82.7563261487,2.1554823912,30.0774506656,242.5386649981,2238.2456758507,2344.0687250272,2.7072649370044503e-05
0,-65,-16,-1.3059782099,89.5108013138,2.1019156433,29.8439103663,279.9101389641,2232.724043347,2334.8351808686,0.0022036342
0,-58,9,-0.474658444,95.0895292911,2.292320025,32.6941469997,278.168120906,2225.2985389266,2331.392745229,0.0005051685
0,-66,2,0.792360566,95.7089045335,2.2512736822,32.2737403904,210.4457723318,2254.5096229708,2348.5813233073,3.262220755510412e-06
0,-66,23,0.1509110166,90.4238693985,2.1272495958,31.857418564,230.3341585325,2243.3979427847,2340.9100204332,8.090179897578335e-05
0,-66,147,-0.2719696667,81.702813398,1.926848884,31.0521794328,263.3732248847,2229.1253432316,2337.5253925964,1.165708780850198e-05
0,-65,-12,0.5798914922,92.3072417221,2.3074063518,31.3456551079,203.2409944311,2260.3278431496,2349.744115175,9.857634257172937e-07
0,-59,14,-0.6607041041,87.204158491,2.1282550706,30.2271845649,288.1537766129,2216.3785799487,2323.7379519289,0.0012232012
0,-60,-36,-0.0633679084,85.7796247932,2.1375686926,28.9884697902,236.678494449,2235.8610306045,2337.8214884803,0.0001919086
0,-71,-29,-0.2271147555,100.9083436504,2.2059189615,33.0956660068,199.188405585,2257.3225308044,2349.035861636,0.0001774077
0,-69,-72,-0.6552400105,92.3830986023,1.9802374484,32.0202520331,271.7769199312,2221.7212737463,2334.8993812134,3.254991266887464e-05
0,-68,3,0.754497173,94.6430151136,2.2477040415,31.7996003702,228.8729355288,2237.0967228051,2350.7265556341,6.746919825464118e-05
0,-72,-76,-1.8169100285,109.6912537217,2.6244459171,31.6503276788,265.635498032,2204.0668316508,2319.1539956569,0.2692750475
0,-72,-171,0.8169679747,79.4770296943,2.2949048546,32.0726311631,210.9708578215,2242.928761233,2339.1867705055,2.6432268748281266e-05
0,-60,-42,0.3285863503,98.2663217532,2.0761154725,31.2464033061,239.9398481648,2236.34086642,2338.8458158863,0.0018087943
0,-66,-39,-0.7621184617,92.811758878,2.2250305269,31.2498772449,247.9588257088,2246.9795386259,2345.5360285605,0.0028037556
0,-67,-1,0.9987285256,97.6218833868,2.2803882425,33.3101869402,189.3389900963,2261.4126242756,2350.8336859502,3.29624015420539e-06
0,-65,-48,-0.2501575162,84.1902040746,2.1853714541,31.3748191522,259.3671894283,2231.2569820902,2346.5157479346,0.077249013
0,-61,121,1.3105678222,72.8284843248,2.3719205437,33.2570994452,207.3694015901,2236.8796993366,2321.0947636643,0.000682365
0,-64,26,0.5089428998,87.0123430327,2.2527731894,32.4259091003,223.2286073357,2242.5915767729,2336.4781167444,9.90918433758024e-05
0,-63,20,1.1133188808,88.2999324757,2.0916903765,33.0938676182,201.9233729897,2250.4869480305,2342.6240999507,3.3173164573557834e-05
0,-63,19,0.8170042297,116.6313242527,2.1500134252,31.9200105886,203.5333444835,2252.9123749153,2343.5214721243,0.0001740777
0,-65,0,0.6816488982,103.0601424716,2.3043157413,32.1931955063,206.3190886345,2253.6170980503,2349.6396468078,0.0010261594
0,-64,-49,-0.6945805086,85.562270337,2.2326625111,30.9220634642,236.2899843592,2241.9889563116,2343.9850594872,8.928189448655629e-07
0,-64,125,0.3991875032,81.4123029279,2.1287977535,32.9452760879,210.235910894,2246.4466298803,2329.5738085051,0.0001333832
0,-66,171,1.1021132761,92.4700972013,2.2454166971,31.5628799412,202.0687857893,2251.2453714955,2340.7166948581,3.129815848266366e-06
0,-64,162,-0.507300656,82.2529213769,2.1908276282,31.6615240253,248.169187564,2218.6941531931,2322.8746604526,0.008151597
0,-64,68,0.6256471413,76.4256241976,2.3276610287,33.6622326393,215.0722772842,2246.0850076722,2335.6009030925,8.92885931062076e-05
0,-68,-146,0.7040425506,80.7124630708,2.2619714253,32.6488200944,195.4950382666,2271.4836292268,2337.4283510156,0.009523605
0,-62,150,1.4548548203,75.078470515,2.2698813552,33.2989767608,211.2754267178,2266.5973744705,2329.7516000632,4.020978207067903e-05
0,-65,-14,0.0330760811,83.0645179508,2.2205963933,30.4519517163,254.4585846282,2240.4742106427,2338.8506011316,0.0224036079
0,-66,118,-1.4726861701,98.5837049594,1.7739687722,32.224168954,175.9273951801,2248.9446810027,2331.9380672866,2.0955576357943527e-05
0,-61,-43,-0.4870833257,82.8065853402,2.1458070266,30.883218757,274.3960843344,2223.8197784075,2333.6131854539,0.0061493857
0,-69,1,0.7077728235,94.1215850089,2.2648385089,32.0463402887,206.5882528351,2252.2151615341,2347.8095250818,2.675069396522241e-07
0,-58,1,0.1576095943,88.3867134256,2.2223356333,31.6562308001,230.1515773299,2250.0212837786,2336.6976733154,0.0001300178
0,-57,-5,0.6755935082,81.9631620718,2.2143649297,31.8412053192,224.4094606741,2234.589129661,2323.4260351537,0.0003116213
0,-64,-50,-1.5837397339,83.9562435907,1.8322482257,27.6091599348,306.4335514328,2194.7967148315,2314.4311235107,6.3800893955
0,-67,20,0.7787690529,94.6465653208,2.0832232361,30.3985209815,194.6054384267,2259.0105546685,2348.5237338418,0.0005534043
0,-64,51,0.2025385822,83.0891822283,2.3799082382,29.7639704616,216.7787309549,2241.4824797231,2329.9716300156,1.2783795623896274e-05
0,-66,-14,-0.3112633207,91.1211334096,2.2580975415,31.5501444971,195.3145162672,2267.761074273,2346.0126109512,0.0058230749
0,-72,171,-0.264866714,84.283176823,1.8437656696,28.7206564967,275.7355876812,2226.3824797612,2333.5861498425,3.554449183228162e-05
0,-69,-73,-0.3567586555,92.6548379351,2.3456790996,33.606003989,172.0225333076,2276.3957761764,2335.4170785563,0.0210945003
0,-71,-115,-0.1505756,78.981786152,2.2880812912,32.6911188774,235.4551233469,2237.4243532183,2307.9111272056,5.492223664573491e-07
0,-62,-42,-0.8107283342,94.5940565763,2.0915764611,31.2291477176,243.1230036957,2241.9381751659,2342.9060845463,5.790717055864097e-06
0,-65,54,0.5870429597,83.4199861323,2.2646308183,32.0848446477,231.17029031,2240.1186975626,2339.0762936164,1.865568109646252e-05
0,-55,17,0.4074491964,78.9961489373,2.1917283616,32.2232361978,220.8177285249,2241.6371833739,2332.1955445946,1.5719245588002117e-05
0,-64,114,0.5758671509,89.353823752,2.1053243759,32.5983375655,203.070678477,2243.6027468733,2339.8109544612,0.0010663404
0,-68,-33,-0.9815319212,88.4769477461,2.1824230592,31.062304978,230.4281465239,2247.4622958056,2343.8740481245,0.007813
0,-58,13,-0.3440199566,84.6199608175,2.248784686,31.5269809116,252.7460334696,2236.5829370255,2341.0538979645,0.0112762718
0,-57,80,1.5843713591,77.6758490099,2.2218396645,31.9861537485,205.3256983666,2236.8248362735,2326.0566690372,0.0003651338
0,-66,-22,-1.4152380664,83.1933550221,1.9677294959,28.3286131212,318.2812219596,2208.8468272996,2331.9735109299,0.3952920633
0,-71,179,0.4842027676,81.6627514613,2.1072895963,31.3469721824,214.6851987194,2248.7438977827,2339.7798898514,4.772751034328871e-05
0,-61,0,-0.4248164805,90.880831014,2.1661783202,31.255598219,244.9159802503,2239.2829580937,2338.550166839,0.0006883679
0,-72,-85,-0.9988822911,85.8705139441,2.3478554665,31.7616780247,255.1687004696,2228.2831690683,2320.9035708955,0.0005912481
0,-61,127,1.3433508298,66.2249595007,2.4406230772,34.3412352034,203.0801070419,2234.3402249003,2314.3517768946,0.0016677986
0,-60,18,0.3777296581,93.1156418808,2.2328514541,30.8843307075,254.578604434,2239.7330926508,2338.6863359616,4.51726482701806e-05
0,-58,-9,0.8130285818,83.334086479,2.2564814131,31.0325946445,219.3484040001,2239.9611149715,2331.8103890692,0.0028479365
0,-60,-26,-0.4862571243,83.2861678721,2.0692868415,31.2225834481,257.1105021146,2230.7253986352,2332.0142158346,0.0174470427
0,-61,19,0.4588279704,93.9305648474,2.138165735,31.6284170526,238.8178602464,2240.8807234562,2342.2374677242,4.1962525440215e-05
0,-66,-66,0.1793180183,81.3769927025,1.8317532307,32.88533324,246.3269045353,2242.4942217639,2332.420167239,7.359380403169788e-05
0,-58,-42,0.666104528,82.038542049,2.2121797989,31.9608104839,240.190711859,2226.6735439313,2324.425910008,0.0011935097
0,-72,-77,-1.6410099873,113.514522545,2.6065063467,33.0062446594,263.3059691787,2222.8439009479,2319.1556879108,0.1047998598
0,-65,1,-0.9096411232,87.6401036194,2.1949121833,32.085254081,303.8879281147,2220.3589835278,2337.9335241501,0.0018143528
0,-57,82,1.510009591,78.7973376218,2.2181501425,32.7416212045,198.3487468539,2237.5844184518,2325.5102418906,4.479898185674542e-06
0,-68,-48,-1.6329964416,90.6330602464,2.10642324,25.7688921338,276.4392879325,2225.8130624128,2339.1465554045,0.0049680295
0,-63,163,0.3422521048,80.0366915644,2.0989451452,31.7559318624,230.1836801078,2221.7347012474,2322.6529622715,0.0004082542
0,-64,-148,-0.7820120196,85.7217312727,2.0435163752,30.3106193766,297.4043113826,2207.1452947769,2323.0860314485,0.000319481
0,-68,19,0.77841031,96.4886880006,2.1516730933,31.6834170196,216.5431479696,2246.258296057,2344.6066777041,2.892357560171469e-09
0,-74,-25,-1.8514945202,85.5635108772,2.1256796142,31.6795669933,243.6737919357,2214.0320706686,2335.0531797747,0.0004962801
0,-56,12,0.1426521815,102.2157264469,2.4099026327,33.7423015004,228.2617652481,2238.6958565842,2342.233615579,2.468491835445804e-05
0,-64,150,1.1981944892,78.0771848271,2.2869042975,33.2283338815,198.266591432,2226.1775231723,2330.8520369783,0.0001540141
0,-66,-45,-1.6914200158,92.9049162614,1.9502444187,30.5059393452,285.5875843382,2224.1139936521,2338.0280878113,0.0186459649
0,-71,-150,0.3568160582,79.3067509334,2.2365219805,32.7403795886,201.6012931286,2253.4509623078,2331.7581594213,0.0001900464
0,-64,58,0.1165070182,80.8313170611,2.2186849698,32.383591531,249.090535484,2236.2664957618,2329.3864813754,1.420616031418312e-05
0,-64,-49,-0.7738277486,84.6315778488,2.2222658236,30.8225110476,237.8449609881,2240.9299259032,2343.1677028805,2.086843942428608e-06
0,-62,-25,-0.6476283368,82.587276851,1.9135054592,31.7868099244,271.292467152,2230.6256604498,2334.703802356,0.0009721779
0,-73,-135,-1.5077042746,79.7445412267,1.4789450617,32.5959696728,284.5453045011,2197.7719856189,2300.7620939442,0.0033892269
0,-75,-28,-1.6367092223,92.778450333,2.1865030073,33.7151304951,214.0079081455,2256.8117864667,2343.1749085138,2.2972968912821056e-08
0,-66,-51,-0.5970646884,91.8246111058,2.2045829515,32.4631323769,238.9827597986,2242.8025961402,2347.0851572211,4.262422017060743e-06
0,-57,-6,0.4091669311,95.4824947427,2.2869436305,33.3346092834,221.1624551265,2239.4928350143,2329.2756695058,0.0002187551
0,-62,84,0.9395734452,84.2460842606,2.2566784977,32.5067667814,231.5042585781,2236.5506529431,2327.789282842,0.0001735667
0,-69,-167,0.8813477694,89.0843687298,2.1835676618,31.5011293738,206.211768432,2246.3252383656,2340.580339155,0.004230245
0,-58,-2,0.2098069527,96.7631781675,2.2270953479,33.4056685066,221.2792473263,2244.9922164112,2338.0678612493,1.784241288328059e-05
0,-65,173,1.2388841655,83.7841647932,2.2048759777,31.5192186722,205.6860109512,2242.4326303067,2333.2847347709,0.0005236872
0,-64,-44,-1.3946921305,85.6271301409,2.0941533941,30.5273632492,288.1420990869,2225.8292814255,2337.7960324372,0.0109310618
0,-62,32,0.7587091858,77.9367144334,2.098608206,32.5298081668,215.2063910125,2243.7397886521,2330.4712992847,1.645781502301167e-05
0,-62,-47,-1.0166745284,85.3198340259,2.0930671297,31.0400841335,274.0386032493,2227.2761729295,2336.4619201181,0.0005540002
0,-61,26,0.8719177437,84.004288875,2.2969140901,33.4297056678,218.8525539137,2241.4136904546,2334.4901315543,0.0001359632
0,-66,172,1.1734045418,87.5674224036,2.1425115558,32.5426908204,207.4148761529,2241.0712411807,2326.563114762,8.778727137266294e-06
0,-72,-123,-0.1116781037,85.6413375084,2.2255846839,31.6291382652,227.995555305,2238.8598541079,2308.8744289979,6.924194883215134e-07
0,-71,179,-0.1374701118,78.7775032303,2.2118170249,33.3139455782,220.8989711826,2245.3043886099,2339.33065693,6.259085731463361e-05
0,-65,53,0.0675876146,83.3050457149,2.1706684691,31.8057991856,217.8565900065,2246.8581217468,2336.7158428483,7.060714930861986e-07
0,-60,13,0.1220392754,102.3108974116,2.2881049661,32.8256217936,226.9599699464,2250.5844003366,2344.8202466731,0.0098362081
0,-63,37,1.065802441,86.0026671461,2.0727467763,29.4626469155,180.9455002751,2253.9229454966,2338.2457106544,4.622943436768454e-05
0,-64,-35,-0.0629537123,100.4005194756,2.2227688518,31.7477370504,205.796493098,2261.998507898,2351.6037139727,0.0070716062
0,-67,164,-1.3181019298,84.7164723225,1.6720106013,29.9161119605,311.263434277,2197.4485486571,2314.3607438198,0.6909104699
0,-64,-62,0.5417599882,66.3079831004,2.1482163453,39.2267498076,208.0092195272,2242.5697295348,2341.1653823311,1.977669351977505e-07
0,-73,-124,-1.7826550003,78.9371147156,1.538100064,18.7100675702,274.5208586454,2194.0320366207,2282.4162123601,0.8609736389
0,-61,9,-1.1556819901,87.0259243111,1.8127626683,30.7112155119,285.1329817732,2221.39070843,2330.9091797418,0.0034653961
0,-61,-36,-0.2060141218,86.5969785958,1.9454795817,29.6615892189,256.8823022463,2235.9317021904,2343.1463822432,3.173759417668545e-06
0,-65,-18,-0.9953468017,85.7319819115,2.1179403639,29.9555656472,280.3845233713,2232.6715862176,2336.7671192981,0.0001469302
0,-62,-149,0.7303984683,82.3571258984,2.3415037262,31.4069371507,233.0411425476,2234.380373401,2342.1575399786,1.895859662791416e-05
0,-64,41,0.7425302034,85.0880438211,2.2259843199,28.8963700079,197.8954859303,2255.1770843992,2334.10908569,0.0013976603
0,-65,7,0.5752595416,103.7753082289,2.2128941201,32.9728524595,203.9848557166,2253.9152079401,2348.565721215,4.659430242433984e-06
0,-67,-11,0.593114997,88.5162689877,2.2027764663,31.0696558108,195.873109889,2265.1317739149,2348.6563329606,0.0113966332
0,-62,-29,-1.3303278704,82.9255042962,1.9862899406,28.8666591743,272.5661933157,2220.8627914849,2325.8507857758,0.0015145268
0,-66,-14,-1.1451032832,73.7008130556,1.933368744,25.8354119288,329.443106431,2192.4235549169,2308.8356494884,82.2701633839
0,-66,45,-1.0930576693,88.3656142902,1.9678551183,37.7127339334,320.703494345,2192.6291574159,2304.3188138616,0.0180037117
0,-68,171,0.9964007856,87.4941898075,2.1168106321,32.1971863739,217.5067516423,2247.5589013687,2337.7001833488,8.871177394159946e-07
0,-63,-12,-1.4273153978,85.3255806956,2.1065303642,30.3083371823,261.8982407088,2232.0278104634,2327.1294699962,0.0013160824
0,-67,173,0.5164443677,83.6411190659,2.1296710655,32.8172761245,232.9152715526,2237.7465926982,2336.0754908092,0.002697742
0,-64,161,0.1631758636,81.0605750455,2.206912011,32.5378746802,239.5910826359,2235.2333184188,2330.8784830787,0.0070784923
0,-70,-37,-0.4207095351,99.1380980589,2.2570067704,29.5228526076,223.2050735994,2243.2856553324,2344.609821392,7.939771294602777e-05
0,-69,-72,-1.5384550091,81.2568590641,1.6998384558,22.6441699862,354.807510376,2195.3661308061,2314.3118230002,20.108067252
0,-64,-16,-0.6391120206,93.3982526036,2.1680783792,31.2641874885,232.2915068065,2248.7851569284,2342.20556588,0.0089148587
0,-60,-30,-1.2094808699,83.4022278393,2.0457771002,29.2574651356,294.60555422,2217.1670658473,2327.2654793024,0.031241075
0,-64,-160,0.6214057979,76.3244460062,2.2066272965,31.073401201,209.1633734638,2246.0095256915,2333.6715721987,8.236380701286955e-05
0,-66,4,0.5933290349,88.9064526753,2.1880142393,31.2475799745,209.9145658561,2251.4480780676,2347.3960724351,5.333480424465436e-06
0,-64,17,1.0572053212,91.7450781283,2.2988138353,31.7148595425,291.9698720827,2246.2111606155,2350.0483611038,1.2112232757971929e-06
0,-62,-29,-0.6283686513,104.9317663673,2.1646281298,30.5938373451,258.118494677,2239.7519787817,2343.0571532365,0.0226003467
0,-73,-122,-1.5434200051,91.5372284092,2.2430277118,31.360470213,278.1917266622,2213.8180965465,2319.6500148784,1.1258411178999086e-08
0,-63,110,0.6288933311,84.4218249367,2.207347805,33.2194088311,215.1308022619,2239.8246642446,2333.3221714198,0.0001448618
0,-66,-37,-1.2834396399,85.3255861711,2.1904179779,30.4582746971,269.0549276901,2240.4285738721,2342.148058068,0.0017655234
0,-64,-158,0.7359654287,86.3102369089,2.2267546558,32.6492131693,240.6577430455,2230.3825011007,2335.5965657439,6.36891711132239e-05
0,-62,-31,-0.1174883047,104.8983518008,2.2803589699,31.911116079,233.1406507563,2248.3706888888,2345.9658413663,0.0062350259
0,-64,28,0.2977747547,82.6939593341,2.4431407957,31.8020729163,234.235982534,2236.5316410937,2335.3305297066,0.0010957443
0,-55,13,0.2104527814,90.5677201565,2.3506340133,32.0989159556,250.931572591,2233.8115082415,2340.0560921346,0.0024921335
0,-66,-36,-1.2874275537,91.9756412194,2.2137518055,31.9268950758,245.6509697852,2241.2477732535,2342.5900617346,0.0024118307
0,-68,-82,0.4691182815,66.1276079832,2.3397443611,34.0914585496,204.8420821339,2252.866283485,2317.5586825571,0.0149380704
0,-72,-128,-1.15721079,86.0687089532,2.1736585464,31.3037967895,256.5029944222,2223.7069061635,2306.2204177948,0.0001284986
0,-59,15,-0.0686881385,92.5667098042,2.2414002335,32.3055254949,247.9337128073,2242.9493029885,2340.3492785229,0.0077250276
0,-63,-3,0.5429273023,102.3264976912,2.2347026444,31.4523428447,188.5672972106,2253.1374604674,2347.4840178119,0.0001340011
0,-62,-147,0.8823314123,83.7983917856,2.3593501898,31.4732095788,227.6304394392,2237.0152773749,2344.0587318242,1.0253977028563316e-05
0,-63,-20,-0.210176876,96.2392777865,2.2759471192,31.9375106222,227.7853749431,2247.2985724527,2341.5697305995,1.2985969655061452e-05
0,-58,-8,-0.6712964547,85.4098253485,2.0044555975,30.7858983686,260.9958020453,2225.7135500639,2320.4053681132,0.009135447
0,-70,-169,0.6925349307,82.2917661906,2.2279452265,32.3253464741,207.1879213264,2247.395257517,2337.7787072111,0.0007247413
0,-68,178,0.9739314471,81.2567023702,1.9794159959,29.9427563693,214.203572382,2243.1180369006,2339.515352624,2.420078572427116e-05
0,-66,-10,-0.2382181403,87.1527533442,2.2469902325,31.4248613379,219.2514542515,2250.3676091833,2339.6505305365,0.0001968646
0,-64,168,0.8490971839,81.143524317,2.2240338764,31.8519338213,230.1901216519,2235.7883690575,2327.945492701,0.0001772946
0,-70,169,-0.8466122483,80.7231327468,1.3679868339,27.0158487278,327.7109128036,2206.8190305715,2326.3945457836,0.0107694957
0,-66,164,0.1790088197,88.6519886743,2.1379312015,32.4969559046,232.1894779586,2242.5776373248,2337.8071637776,0.0120980141
0,-74,-134,-1.8013100626,81.5806007371,1.9641983518,34.0643043369,349.4935302716,2165.4301591809,2305.6929578097,5.8793912693
0,-67,-25,-0.2420809006,87.1345436239,2.1228773991,30.3963790561,255.1778846128,2235.9387530598,2342.8422031354,9.130691840357847e-06
0,-67,-169,1.2759508482,81.6583354274,2.2409479267,32.4777570855,202.2734546417,2230.8850402618,2342.9233553435,1.028961217868498e-05
0,-59,-29,-0.2842829811,92.7799640967,2.1894841385,29.1870123576,259.9820476179,2235.1327155642,2336.5701692984,0.0294466197
0,-60,-142,1.0177300087,75.1116668926,2.2687135016,33.0177603,210.5270918399,2241.457845039,2319.3266178354,0.00011857
0,-61,-46,-0.2601455183,84.4759042474,2.0956862323,32.2783689898,268.1306446487,2227.6855300712,2336.3657488278,0.0084140838
0,-65,34,0.1034606883,81.730406158,1.9773083576,29.6493697016,219.8270600917,2249.0215948373,2335.9990492985,0.0006542867
0,-67,8,0.1844302623,93.0136140969,2.2160370737,31.5311090064,212.934191315,2244.9453105857,2343.9155329585,0.0368724547
0,-75,-139,-1.5907599929,114.7635538578,1.7897874722,35.4860725254,317.0687561035,2175.2618928191,2299.5164501172,0.0429520681
0,-60,26,-1.3554019574,67.1937351412,1.5982268822,26.3859591453,362.8426711615,2159.5813829001,2293.7050915915,87.3537947381
0,-63,37,0.895610571,87.2165676992,2.2682665306,33.0789811201,188.4198801553,2257.9443026931,2332.9905075112,3.927075578191992e-05
0,-59,-7,0.1401004704,88.9849828213,2.2025123335,31.1768367523,220.9165859447,2232.5687691925,2332.3730825072,6.902403118501094e-06
0,-65,2,-0.980203248,82.5059373573,2.0918891941,31.6580865323,265.3458552906,2233.730381248,2339.0157309882,0.0082807104
0,-71,-82,-0.4973125297,81.2884053741,2.263183662,32.6168800959,215.89339882,2258.9442108963,2311.7343747048,0.0227282146
0,-61,-150,0.1961472711,88.2843441322,2.2058854694,30.834918486,250.6160172335,2228.2413821316,2331.9203853538,0.0014612684
0,-66,-12,0.5477646168,98.0342985776,2.2766108653,30.9322990673,221.1607336087,2246.344502879,2346.0071157503,1.1164768190758988e-05
0,-68,-20,-0.0303951708,96.0870007151,2.2703679962,31.2927463377,241.8510669372,2242.5252637155,2347.1683392857,0.0002637995
0,-63,-34,-1.1203483133,90.0848963455,2.0783157961,31.2684369317,274.8039023649,2241.9597387256,2339.6053806854,8.611008716021367e-05
0,-75,-145,-0.4921600185,82.6163308024,2.1450455907,31.4622390782,258.4313845634,2217.4329743418,2316.8888690638,9.901314540489043e-07
0,-66,-43,-0.9446266768,91.3283691189,2.1618370533,30.7685170786,253.0032000517,2242.0565544352,2344.7072977442,0.0049137111
0,-71,-78,-0.7207449156,83.7257320002,2.4985248573,31.4970463471,270.4329184542,2219.8682257516,2320.8182505064,5.220734468724817e-06
0,-70,-88,-0.1889988835,83.545989266,2.1838337589,31.7739933079,233.3019989047,2236.8347703301,2320.7128927327,0.0015423003
0,-64,38,-0.06065467,81.8171432462,2.260302031,32.9945898895,212.0350944928,2235.6040518755,2320.761610779,0.0018182046
0,-61,-22,0.3337246905,89.4292839274,2.2425466457,32.9271586001,226.2481589513,2245.2221810844,2340.3559779143,0.0006671295
0,-65,-67,0.8548121911,83.3718665451,2.2150923041,33.3971018863,207.5992811467,2251.1643283393,2345.1964314587,1.0662362255045054e-06
0,-72,-86,-1.4027268939,104.7022881117,2.8287565698,33.5068838258,254.4009369278,2211.7396135071,2302.6287119442,7.201116176
0,-67,23,0.5103052242,85.3424521053,2.0774497528,30.6490546548,182.4723278735,2260.6735978236,2345.8428167148,0.0010729597
0,-68,0,0.9137008308,90.1548691992,2.2023860801,31.6184519919,199.0898791281,2257.2480819571,2349.9823494673,0.0428483192
0,-60,19,0.4068717265,87.0797448684,2.1577867596,32.3220183262,233.6211041852,2241.7949615261,2341.3866250741,6.749809871126895e-05
0,-65,32,0.4558649197,86.3808281849,2.2424164277,32.5093689184,213.2604302723,2250.9600204514,2336.841764554,9.179635122330184e-06
0,-67,-170,0.2434774924,80.808377447,2.1539447131,31.9069136359,227.5683297703,2234.0171844789,2331.2576474961,0.0003202563
0,-68,157,-1.199796029,84.6678313602,2.0729708774,31.2544214761,287.6010041093,2231.4356696759,2335.4354777492,2.02499990770984e-08
0,-60,161,1.4715569761,79.3798497078,1.9255405403,31.0947523465,221.3753464512,2216.5366944525,2311.5834115214,2.8446526627439192e-05
0,-60,17,0.6187755007,91.2506292373,2.2441031472,33.3852762772,206.4917100105,2253.4949387952,2345.3586133182,0.0009772713
0,-60,2,-0.8179398176,87.0560231993,2.2095801715,30.5951044766,264.6667845413,2233.8326173368,2337.1843723096,0.0246418609
0,-71,-154,0.8945188629,81.5999541955,2.2864296568,32.0420619735,222.8905994192,2233.4143929666,2336.103888058,1.3270961961681415e-05
0,-57,-28,0.1775880788,88.4496066144,2.1806645039,30.9590525194,247.1986886537,2235.6914152878,2334.9276484088,0.0004833136
0,-62,-1,0.2013497391,93.2202181262,2.21850472,31.6627216221,207.6605539575,2257.980963587,2346.1716801788,0.0037968183
0,-74,-106,-1.7339600325,89.7824707031,2.1245833637,24.6014480554,247.0391464829,2228.4998845924,2295.3668535746,0.0004567765
0,-63,-5,-0.9499567424,92.0524892644,2.118309586,29.4541739684,281.244677544,2226.0626566973,2332.695793649,0.0200763452
0,-69,158,-1.1301360494,86.2295761257,2.0587269544,32.0096878046,288.6018462777,2233.5177142072,2335.401377048,1.861733156605011e-06
0,-59,-32,-0.3896500357,82.4377760855,2.1631884436,28.1094117056,269.0513476195,2226.2103498273,2330.5664259574,0.010149257
0,-62,159,1.2180554192,87.5142291906,2.3484349482,36.7650273504,179.7910882618,2229.8562563807,2327.5634794947,0.0001614127
0,-65,-148,0.5466703996,94.7681298591,2.1331979256,30.9629792146,259.6276419145,2218.7536111093,2338.0401494955,7.390876329825587e-06
0,-64,7,0.7302688947,99.6722433504,2.2991383735,32.5475098707,204.7645950831,2249.7677307765,2343.4938236873,5.755401521259712e-05
0,-70,-33,-0.2024867986,102.4699325972,2.2414824469,30.7068781121,212.7124214118,2249.3510180398,2345.7721974407,3.943861476025963e-05
0,-66,-70,0.9990916804,92.3609790658,2.3136351891,33.2684989286,233.0989576009,2232.4526441755,2339.595147641,5.795772230415881e-05
0,-60,81,1.0537668399,76.8804711894,2.353398829,33.9703544574,202.525285809,2246.3831612117,2326.7005629455,0.0166621148
0,-66,-163,1.3303272446,83.9931851208,2.1792087289,31.9693904336,202.4043399429,2241.2202699542,2341.4328672065,2.1281471852509957e-06
0,-57,26,-0.0280510487,90.2061746496,2.0283619377,28.9674900408,314.7135981878,2201.0080870931,2316.5069018755,0.0010677549
0,-65,38,0.219418127,79.9955506448,2.1106888435,31.3805326554,236.9405669667,2232.9791003208,2330.459961121,0.0034002906
0,-34,-73,10.4630604605,28.4001135343,2.627385547,29.2497866414,34.7990347669,2247.9210290612,2281.0829730548,0.0012774479
0,-67,-75,1.2284003545,84.5929857558,2.2068460807,34.4480055165,168.3820368178,2245.8534601957,2330.8198520115,2.2362356539285987e-05
0,-64,-2,0.7617797709,96.0446891836,2.2352741626,31.8985815773,186.8591727828,2265.4800741017,2350.4939962417,0.0013050661
0,-64,72,0.5667860699,81.180694475,2.3201588275,33.3717912179,195.5276034234,2252.0922156281,2324.8857691938,0.0001160125
0,-62,-140,0.7865485759,92.6889257737,2.1690221857,31.4737896834,266.4725412621,2217.5996372647,2330.9250522066,1.2402267675067434e-05
0,-65,62,0.57516732,79.3536426474,2.2049964652,34.0406909782,204.4824910857,2260.6779277284,2337.7249338175,0.0004869773
0,-70,-99,0.8161229618,82.3367210831,2.1012512821,34.0178838246,196.4675253482,2250.7133708415,2325.6484235457,2.9019348656069125e-05
0,-64,-30,-0.9495485219,84.2625909788,2.1187224457,30.978364545,258.7900735606,2237.4715389557,2341.0420337975,0.0002562678
0,-65,-38,-1.2089567065,87.3398978147,2.1412678092,30.4042808206,243.1443757647,2240.5581023622,2342.1557730781,0.0248574027
0,-68,178,1.0591105334,88.3171593074,2.2019418411,32.0465526415,200.8976703653,2250.4103312256,2340.7634887373,0.0022142573
0,-63,10,-0.2173666243,82.4775505709,2.0677066633,31.3569269634,267.074651073,2230.1513121312,2337.9357372506,0.0015045461
0,-69,0,0.3670635394,82.5197309275,2.1930178087,31.7879988016,232.4920305919,2247.964284573,2347.7542915851,0.0017103773
0,-71,-32,-0.8911622385,85.1944498535,2.2031088894,30.960867577,261.1363838618,2231.0704558399,2343.5691860336,0.0003348782
0,-63,-48,-0.9517487956,93.4905014342,2.129984101,30.6745429553,278.8156376144,2226.855488679,2338.0822651895,0.0625369837
0,-73,-24,-1.1020290935,92.1519337742,2.1668749906,32.1430549735,222.9208538307,2246.0412480314,2345.1590819023,8.720214658653732e-07
0,-59,79,1.9037940292,86.9646633638,2.3492299065,33.0503476203,182.7652726995,2243.5239086296,2333.7254366413,1.175423571677555e-05
0,-62,152,1.48400645,77.3160092479,2.4053171973,34.2492689486,197.0228420873,2247.846283715,2334.5619229552,0.0031674641
0,-69,-15,0.2969894805,86.6440801309,2.0930681919,29.9834944568,272.6617009349,2222.8689702495,2347.4761336229,1.0351655816341267e-05
0,-63,-146,0.3739306444,90.943072553,2.2527440483,33.0369014946,213.4220183278,2226.8060034679,2333.7688878198,0.0005217261
0,-59,3,0.3256457726,112.139412649,2.3924884486,33.8480059548,194.6334064569,2260.3760562296,2348.7780451723,4.604490931353613e-06
0,-59,11,-0.6441219026,92.2299483257,2.2090084224,31.4525258417,274.6963378266,2222.0288911108,2324.941555123,0.0011764754
0,-72,-77,-1.1285600085,98.2981454283,2.1786385759,30.7873497021,187.9984589331,2280.6995631203,2313.9426414725,6.37122862160284e-07
0,-68,-69,-1.7702447922,87.4257599846,1.4527291837,18.6747347706,301.0063198182,2185.0749122206,2293.1987083369,4.1081875394
0,-65,-21,-0.6801923672,91.6603268895,2.1261467695,30.1180632202,264.5064515194,2236.7206534203,2343.6107670017,0.0002367939
0,-61,6,0.4743656544,106.7508160046,2.2186978184,33.7215601041,223.8669877502,2248.2932590538,2347.4102040881,4.261116428262316e-06
0,-62,-140,1.84491467,80.6731633124,2.2482687039,31.9140649062,223.9810464978,2235.353763977,2331.9414209315,0.0015808427
0,-71,-34,-1.0986556413,85.8588309567,2.181478362,30.4709195627,263.8134419873,2229.708775322,2342.1800967807,0.0006704026
0,-65,53,-0.2893385116,83.7329204342,2.1052791991,33.2824681591,218.0964577637,2247.6900410067,2340.7811881874,9.731259707266008e-06
0,-71,-17,-1.0674044865,82.8592759066,2.1203025959,30.7553492095,247.412408896,2236.9412594557,2338.2344426769,0.0007237005
0,-62,-144,0.16954387,84.1126290306,2.2044332403,31.2638876233,238.5593782684,2237.2863473151,2333.2385534191,6.725903578662316e-05
0,-65,153,0.927029409,84.9778108926,2.1506594172,32.0429229766,208.7941777081,2245.0364428613,2340.5414707199,1.0093366114682748e-05
0,-65,-42,-0.2505556641,83.7343709678,1.5212276489,26.1406042547,345.8104305057,2151.9278028286,2307.0205998202,11.2721709703
0,-65,5,-0.6869660292,87.6499804423,2.1658403983,32.2470639247,243.0068375628,2241.6066449313,2337.3269654821,0.0028078626
0,-62,13,-1.1225226999,84.7523795908,1.9970424826,31.8039420776,244.3046802793,2228.4197130291,2330.9803376604,0.0110926795
0,-62,2,-0.0329159987,86.2958994591,2.1721322006,31.3029529285,240.6194439998,2243.8136810964,2336.7461783063,0.000621767
0,-61,-6,0.2302965873,105.6338863186,2.1670261078,31.1503458936,232.4046021797,2247.0270137336,2342.4516956223,0.0147669212
0,-66,43,0.1004932584,83.3701607432,2.1084822407,32.6186493914,289.4370614584,2222.3147405021,2336.22428443,1.717802924015339e-06
0,-68,-75,-0.5351221264,92.2997628912,2.0926236729,35.9940440791,225.659159277,2231.313774145,2325.2299866487,0.002657005
0,-66,15,-0.7171757179,91.2985417889,2.0355901934,28.8052828477,256.734691166,2233.9959878963,2336.4697059843,0.0762527827
0,-70,-97,0.6196379555,83.5431570026,2.0349072506,30.9780543471,222.3025945765,2241.2081738471,2313.9686762416,0.0003127466
0,-66,-174,1.3129313638,81.9089691449,2.2565586017,32.9631495478,198.5642251092,2244.7149027256,2336.1233987838,9.78284419591166e-06
0,-67,-43,-1.2023275876,93.0770152463,2.207243179,31.3861335494,239.5777243837,2241.9814703304,2344.278085126,0.0011680013
0,-61,67,1.554591842,73.6202675163,2.3638320865,34.7095062832,193.1528731065,2246.8259503616,2324.0763671779,2.4857434844957484e-06
0,-61,94,0.9333229983,76.7934170269,2.3465636435,32.1216955728,214.9399468739,2238.089535468,2327.1434334013,1.4277365791794204e-05
0,-64,159,0.6275167257,80.7856848934,2.0094795192,31.9262708285,208.700045185,2251.4286260713,2336.5711428414,5.827740698106003e-07
0,-63,89,0.2273137528,79.1320800287,2.2831484112,32.5885508183,227.2505763008,2237.7683524316,2330.4506382984,7.01711767171683e-05
0,-69,-72,-0.5328260036,92.4735717848,2.3576611041,33.5417110433,206.1126556993,2252.5111332872,2332.0894194159,0.0298879441
0,-73,-86,-1.2948100548,87.9603195339,2.2649691105,30.2432270199,269.5099487305,2218.3326921488,2314.7211694038,0.0008885604
0,-67,-161,1.1799934611,89.8109281499,2.2094910918,33.5590075821,208.8400431082,2246.9997738452,2344.9387408963,4.675578637474832e-06
0,-62,14,0.4392897031,115.0740333342,2.2702490903,32.6492734262,202.6130285931,2255.5802026458,2341.5295587326,0.0010206046
0,-68,-39,0.0307891912,104.6099590561,2.3467702315,31.4436543765,234.6168003448,2240.7750963852,2347.2828154601,0.0029859187
0,-69,-69,-0.5575050115,107.6175727695,2.1080274584,29.7940473594,186.8740539625,2224.9618320534,2295.6267044957,0.0074783277
0,-68,-151,0.8430535329,82.0080644066,2.2287691419,31.9714916858,203.5576622261,2253.2512174516,2338.1496045197,0.0150864959
0,-64,-43,-0.8088390725,95.6101065875,2.2145616392,32.1435345054,248.005034834,2237.3336202567,2343.9414923982,0.0372729262
0,-63,50,0.8122379607,78.8292553621,2.1659675985,34.0738132277,228.7511044045,2245.8999163431,2330.8266643523,0.0016841782
0,-62,-148,-0.2673255709,82.3352769052,2.1863476639,31.1182320805,244.4502315207,2234.6622282534,2327.9494749138,0.0006035253
0,-64,12,0.7644862832,97.0760848786,2.3817131728,31.926310475,201.208270585,2256.4643314977,2348.2481753239,0.0138064024
0,-62,81,1.4029554801,82.7554291624,2.3660886382,32.6544625464,190.2741216243,2249.732447198,2334.9976623131,2.341509945707452e-05
0,-66,-7,0.7506245786,89.113486191,2.239624918,31.5480331369,193.4960134923,2260.0101417233,2346.8225729458,0.032022672
0,-71,-88,-1.0611398672,84.8375322355,2.2007805373,28.8366166153,244.55059321,2234.5264814411,2317.5277772621,0.0130894492
0,-65,161,-0.2326527459,81.6241794917,2.0817442234,31.1040701728,243.0222659892,2221.2937561279,2315.4367759816,0.0003944852
0,-64,-49,-0.4545424479,82.7348837015,2.1745618709,31.4529489925,265.9688825053,2230.9839736278,2344.2614101111,0.0004021098
0,-64,-50,-1.3835579378,84.3674473303,2.2201657817,31.5159374261,265.5489873877,2232.7885844419,2341.2597817854,0.0007747013
0,-65,3,-0.2412401446,85.61515956,2.1756891032,31.5612632877,239.3088750041,2239.7151558598,2338.6447573282,0.0007819461
0,-60,0,-0.3094637349,89.8908788463,2.182364019,31.3014641416,236.1941269226,2234.3504966555,2338.431326325,0.0002619478
0,-65,172,1.4518707808,83.9079300476,2.1085033935,32.0853365628,217.4018488967,2232.6091579853,2321.7511444029,0.0002133215
0,-65,-169,1.6140569577,77.6440379863,2.2232088751,32.6963676617,203.1485235599,2227.2355635877,2337.2794866727,6.258914341620323e-07
0,-69,-21,-0.4608439057,95.1018011977,2.2366451628,32.8472053237,219.4912354193,2251.6652048928,2343.2562312757,0.0019041741
0,-66,73,-0.6726297139,77.0638209833,2.2286705423,32.3520822117,214.5174302477,2240.1671418375,2322.8185669587,0.0001440736
0,-67,-26,-0.5756584037,87.204193985,2.1426822383,31.1694971051,233.4156691321,2248.4990319003,2345.3080827557,0.0335552397
0,-66,20,0.4547356857,85.6839450804,2.0088730147,33.4449970896,217.0312636289,2242.0017743085,2341.4969558181,0.0024010027
0,-64,67,0.6884370593,76.7028306604,2.2975572042,33.0792754004,220.9753937416,2247.5438375675,2336.4865214834,0.0001710431
0,-67,167,0.5520547314,90.8543532979,2.1217361058,33.1842390423,215.5670245303,2248.4022364627,2341.816261398,0.0174106758
0,-64,5,0.7741532007,103.2122809707,2.2741744627,32.3664283439,284.0621422264,2257.6367107558,2349.7796371832,7.843335135238456e-05
0,-64,64,1.0191534686,79.7002825019,2.3244982109,33.5429214078,212.4848921006,2247.8230913555,2338.8472332439,0.001169664
0,-69,172,-0.1330969033,82.7063220837,2.1190464824,31.8022248324,246.4754096026,2236.2863595491,2333.2632905421,0.0025306593
0,-67,24,0.2717916433,85.7289448281,1.9662818663,31.9755487755,229.6373024688,2249.0168421136,2341.4309484259,0.0001470327
0,-62,145,1.6918414137,72.5133574729,2.3055156439,33.6133360617,205.582450954,2231.2322738035,2320.3996336249,3.885564029735875e-06
0,-72,-88,-1.2170280451,90.0134939849,2.0504682061,30.6171413427,254.9933090881,2227.088479092,2317.4698070077,0.0007535004
0,-63,-5,0.6319717767,101.2455485917,2.2494582404,31.6162610747,205.7047265071,2257.7230256622,2349.2094504693,2.069145056121675e-05
0,-59,-40,0.0969132554,86.7425747737,1.9569375916,30.8538442894,292.0153820379,2215.8928488425,2328.1000875584,0.0012751163
0,-64,-48,-0.5240568297,92.8555406398,2.2671596619,32.0943806492,245.6209245594,2236.876031547,2344.5332379884,6.261978271428909e-06
0,-65,14,0.442261327,84.2565165753,2.320126096,32.3442534817,221.901722701,2245.1238439613,2344.4687886608,0.0017288498
0,-68,174,0.9570537539,88.3285094727,2.2302962127,32.7628270986,199.5347931975,2252.11400617,2337.7894075158,5.240422936435938e-06
0,-70,-34,-0.0401774574,102.6102606533,2.248451349,32.5396502768,186.773639617,2264.3198367731,2351.2989543878,5.3981971854100695e-06
0,-63,-141,1.2067084831,82.2135141017,2.2910996515,33.3815591666,191.8980512961,2259.3513246402,2327.7523937176,2.039839619292556e-05
0,-65,7,0.1939430785,80.3717580225,2.191584792,33.3710827279,201.5166253199,2252.1367959085,2343.3338179209,4.1319280646650025e-05
0,-61,83,0.7335393993,74.0592558556,2.3313642885,33.7282864986,209.4614599885,2240.9738263993,2323.7651650345,0.0013576652
0,-64,-61,0.3584550182,83.4527320713,2.2207022904,26.8396615905,258.4445724338,2227.5047502352,2340.0754012385,2.547412619441892e-06
0,-67,14,0.1669563544,99.7795396608,2.1606014358,30.8363233399,216.3919998611,2250.4383300546,2344.0288281631,0.0300185973
0,-62,98,0.9147284031,82.6129335095,2.2548536623,32.5054860551,202.3200552789,2247.9559596398,2334.0384865387,4.5833698758855654e-07
0,-58,83,1.0876265105,74.6795013825,2.2785909436,33.0709482821,209.9693473737,2238.8306136564,2322.7193809282,4.046188801181368e-05
0,-60,-8,-0.2803608959,97.9805936526,2.0662155376,29.4556286817,267.4421226847,2237.1720685294,2335.3903932833,0.0171946291
0,-65,-18,-1.1344748465,89.7489806217,2.1473080959,30.6207838032,263.2040553601,2238.6276481718,2336.1404741867,0.0010294868
0,-62,-33,-1.4964684369,83.7303410042,2.0186846292,29.463931805,294.9134530148,2213.230563529,2328.5992992586,0.0117906894
0,-59,8,-0.0559781591,107.0025334848,2.2338866854,33.9960335276,222.3834954882,2245.5550745265,2338.9531156049,0.0013700016
0,-64,7,0.249152583,95.0503170965,2.2248514246,31.5206072332,209.6157530743,2248.209049155,2346.3819078135,0.0001805089
0,-58,-9,0.2278916636,81.4355206335,2.2302439572,29.9695526617,235.6037487456,2239.5018613033,2326.8076071388,7.236378548136224e-05
0,-69,-38,-1.4730821939,88.97310141,1.8982100843,28.5557311876,314.0698478544,2203.955840755,2331.6279637859,0.9222751994
0,-64,-157,1.1339969762,93.0964908396,2.2645663585,32.6854249438,223.9037888643,2237.6972947685,2338.8399535504,1.6602285892178842e-05
0,-66,167,0.8657993875,91.0621387511,2.089455407,33.3096820059,204.4320145425,2251.696410162,2343.6481267958,0.0123911265
0,-68,170,0.451887133,88.8121746663,2.0871805524,31.5001715031,230.2661464416,2242.5955113941,2337.7993248985,0.0001918719
0,-71,-84,-0.0935885682,98.8922704617,3.0746739879,34.7183137652,261.3596701827,2219.6502233995,2332.8080744741,6.662606295344684e-06
0,-62,30,0.5570241547,82.5025519243,2.2188314728,32.0904181343,248.6475750791,2227.001997385,2327.9219336453,0.0015452424
0,-72,-19,-0.596863177,94.8470491676,2.1940278786,31.1086511781,229.6494504755,2245.2587696642,2340.9622034312,0.006790087
0,-64,142,1.3038895099,81.3169681137,2.2729957377,32.1608007511,190.9914998677,2249.9586253823,2334.9983857267,6.000660956990635e-06
0,-66,-41,-1.774115177,89.9488718917,2.0272209963,30.2934920801,294.1664895403,2220.9643387382,2336.9420274657,0.0559936793
0,-69,-1,-0.7837897889,68.3677491178,1.5339999116,24.4393488598,346.0644447453,2171.7304277761,2313.7729526242,83.3068422376
0,-64,60,0.3932492049,80.2102435954,2.3458617873,34.7099101549,194.188514529,2252.7176967465,2329.2858151946,1.4116092617382817e-05
0,-62,146,1.6466250576,80.1921328983,2.2074041867,32.1385538368,216.8596645932,2238.6125156118,2322.5908919736,4.219090392059078e-06
0,-64,158,1.1556539815,85.931788936,2.0344568522,32.1279837189,196.2080006754,2252.9626683855,2343.5389073495,5.623256616614921e-06
0,-61,-148,0.3100482168,84.69153876,2.0526341645,32.6656341471,239.0383067629,2231.324348441,2336.4195870271,7.873275732153025e-05
0,-63,-10,0.4384416214,97.9155664827,2.2527649375,32.1826927618,219.5836896778,2251.9277525997,2347.8256597541,0.0023759976
0,-63,48,0.7061450091,79.2496058988,2.3008776629,33.0395229074,221.3183360817,2241.6893659147,2330.1206195751,0.000675491
0,-66,170,0.2848567043,84.7830874991,2.1428902228,32.8014479207,241.3970779206,2235.1816621121,2333.3457591539,0.0128974901
0,-65,37,0.6246075904,88.9508674911,2.2354173856,32.5212236513,201.9058446821,2252.3147570429,2339.7225490514,6.655972233605596e-07
0,-72,-165,0.6516993598,79.3590647758,2.2335318151,31.7869781059,216.6102385893,2238.5402117574,2336.349912463,9.57612663222188e-06
0,-69,-16,0.2870531697,96.6175245892,2.2794671158,30.4350927002,218.3693084952,2248.0436616753,2347.6563791143,0.0022213101
0,-67,174,0.9721917907,87.7252700299,2.1031357788,31.5454994729,212.2092807314,2243.9111931565,2337.2937196728,9.662402295709165e-05
0,-65,121,-0.5234770053,85.6094861661,2.2713275132,33.8503137301,180.4997750204,2244.0573977667,2335.619321323,3.880376607747377e-06
0,-65,113,1.1270549903,85.0058021843,2.3711733822,34.7422943122,174.4869461656,2252.6648991076,2346.9418890603,4.6511490705746696e-05
0,-57,2,0.2771465137,94.884748084,2.3374060506,33.3526013489,217.9149889455,2245.7687335471,2336.5205352386,1.3635741041128928e-05
0,-64,76,0.3025872641,76.8659317212,2.377692632,34.2471470066,202.5421501899,2250.1470281719,2324.3164718045,5.848826021546432e-05
0,-61,14,-0.0366822258,82.1420184779,2.1010358968,30.8839856983,262.0963567128,2227.3816379826,2331.3623601973,0.0016056628
0,-66,-3,0.6847428869,90.0180645262,2.2275895091,31.7483983364,195.7292350844,2259.1794321415,2346.0436798966,0.0315442732
0,-67,-172,1.0727067113,86.2454621722,2.1642842486,32.2175659529,204.3788545838,2245.4664301123,2338.1454165719,6.819753866567215e-05
0,-68,7,0.2608099832,91.6646513155,2.2406299745,31.6947782665,223.09982603,2241.0578514254,2345.8805925933,3.2228224110575067e-06
0,-70,-143,1.2204262899,78.6463095662,2.2304659455,32.3904791386,204.8381861608,2235.6098183373,2338.3554740836,3.542390138829981e-07
0,-74,-116,-1.9647400138,94.9716858044,2.2515268329,31.4010652564,233.7616066933,2226.6184608876,2292.4485308536,7.009668669183497e-05
0,-64,124,0.2894143295,79.2245661738,2.001797327,32.9090291102,217.187026261,2241.1440937092,2332.89989021,0.0069304268
0,-62,136,1.6091312897,68.7419610107,2.3446497514,34.5634289347,191.7732015644,2241.1124594992,2321.8938187639,7.065989347104861e-06
0,-59,6,0.3914819882,107.7792312235,2.2578647753,34.3100638713,205.2123533646,2255.0133270159,2344.9908078649,0.0001358711
0,-63,-19,0.0411661943,89.984654692,2.1423889456,33.0391119762,243.8026806683,2251.3871740537,2343.1092056435,1.5483447294781293e-05
0,-64,146,1.2317789252,79.2478517082,2.182629496,32.3290721467,198.6979241636,2248.2926974042,2334.2134360421,1.4541771090995383e-05
0,-62,-147,0.209840762,90.2529160609,2.2395863189,32.0728553415,217.803088893,2247.9095411689,2335.0020183081,0.0001174678
0,-63,69,1.1396487583,79.6242204896,2.3864979458,34.4175720871,187.8202233949,2257.2495606907,2332.2767439893,9.679940920928749e-07
0,-69,-32,-1.6415457869,92.4217551372,2.0195231257,29.4840514266,300.7040316329,2214.4429691148,2336.385138725,0.3165114176
0,-63,-31,-0.2908560243,99.8274293302,2.0546708434,31.5731098712,222.2198928989,2253.9565069231,2348.0909126526,1.133110798387552e-06
0,-68,-1,0.5369905602,99.1310595798,2.1699713184,33.9039187857,202.7171704617,2256.6593001669,2352.1906961308,8.091150490866314e-05
0,-68,-30,-0.033744433,98.6802885318,2.3054838607,32.2162675821,230.9144033023,2244.376555168,2345.7323205565,0.0009190553
0,-64,-6,-0.0577202,93.6057876121,2.2273849792,32.199019913,231.5326751012,2246.1455205106,2344.5097037096,0.0013550854
0,-61,121,1.5558695667,74.4041579882,2.3834655026,33.1475879058,200.8555992696,2239.2601233129,2324.9272765394,0.0001743118
0,-61,-6,0.2162919865,111.383001409,2.3058573065,31.6052814032,199.4719953022,2254.3604178057,2345.6598073619,1.5111647361364536e-05
0,-63,-150,0.1761963228,84.2947187392,2.3490996926,30.0198554414,258.7537960967,2234.1684894852,2328.2451592424,0.0003845561
0,-66,-138,0.9882685702,75.8913259148,2.2722600232,33.5382545184,215.0017208018,2242.4322009997,2329.8549781563,0.0006604761
0,-69,25,0.1101996815,82.7023391446,1.9649646726,29.3093075007,251.3211133812,2221.8938128177,2341.6251641473,2.3946400720278903e-06
0,-74,172,-0.947182702,83.2706592406,2.1322759674,30.4730595813,264.7790197695,2233.6467609899,2334.7744415075,0.0007580598
0,-69,-68,-0.076460002,102.9598495364,2.3532785149,33.3502073437,210.5973787308,2245.93798874,2323.5626935701,0.0009089433
0,-63,82,0.8579631768,77.0310758408,2.3615674381,33.7125474812,203.2833444637,2250.3311733264,2335.8096057198,0.0028508969
0,-65,61,0.2761256133,86.3839996441,2.4718805863,31.8676266566,197.8212418296,2258.4532847305,2334.3493039256,0.0001448632
0,-58,150,1.5459159784,71.0351606084,2.3579537714,34.0542165018,200.6968490954,2236.088380314,2313.8738738377,0.0003063154
0,-65,16,0.7077724194,94.250959014,2.1407049865,32.5192780515,186.4493022313,2249.688753883,2345.9166460169,0.000133395
0,-65,23,1.0360752265,87.7908197111,2.2923098574,33.1853417998,202.8473105809,2252.4094250679,2345.9707922034,0.0004265304
0,-70,-10,-1.0840548979,65.8704155544,2.0119151115,29.2375427092,327.1862428952,2188.0616088952,2315.8870835066,98.6053100657
0,-63,-28,-0.0961691954,98.7597417099,2.2043687848,33.5157197291,218.8621185968,2254.7569932484,2347.6192631371,6.6727549726837144e-09
0,-66,31,0.149506959,85.3957562574,2.33554057,31.5287370944,231.675253291,2240.1299834216,2340.6639366851,2.409347279344325e-05
0,-61,11,0.4809823597,113.2566392467,2.3087635947,33.2078709418,179.9457561627,2269.5973584095,2351.2626430523,0.0011858526
0,-36,-74,10.7381289253,15.6222408757,3.4511741786,34.0518576618,101.6833927741,2186.7694881826,2260.1671729478,0.0011397573
0,-73,-120,-1.6820099951,84.2894401588,2.2359309189,27.6856632289,283.8016052097,2203.7553543867,2304.0114771406,0.1546769505
0,-65,8,0.7208591441,96.5549419896,2.2470778568,32.4950828419,212.8577437682,2249.9858886076,2347.8860329943,2.034475227321655e-05
0,-65,37,0.3456463434,80.8537568431,2.1861168772,32.1166192227,246.2919569002,2234.0408468534,2334.1659267547,0.0014531926
0,-66,22,0.702513084,125.7655199059,2.1093329859,31.9157824775,192.1634020034,2261.1486296583,2346.2435792286,0.0010930648
0,-66,-17,-1.4892602822,86.1766317356,2.165446649,29.0703144379,301.7759311423,2223.4095477242,2338.919924716,0.0110209635
0,-57,-27,0.0018530168,84.1260925024,2.0003949436,31.4499827087,255.7292291901,2234.6549933272,2333.688928641,0.0033946771
0,-65,-25,-0.7393183666,97.3457396058,2.2171177015,32.055495541,246.6675225236,2241.7522989111,2344.915251554,0.0003290263
0,-65,-34,-1.2836586743,94.2016258257,2.0462389064,30.1373284906,247.9676434237,2240.045579595,2339.5342616666,0.0001361956
0,-59,29,0.9460742751,88.1542383401,2.1816860288,30.9620784017,265.948259741,2223.5488768612,2319.9117821268,9.986691181246585e-05
0,-63,-5,0.6720891791,110.3806233843,2.2208243085,34.5482032277,196.1792754981,2263.5629768067,2351.7480323827,3.5723199268200534e-06
0,-64,35,0.601752779,84.9443020165,1.9798118329,29.4033119686,205.4476509202,2252.1678708726,2338.3712429433,0.0002221918
0,-64,-5,0.4402209076,89.234545419,2.2449975148,31.631882106,195.2094651022,2262.8972428961,2345.9086963837,0.014883239
0,-61,-27,-0.8893790009,82.5560913919,2.0488102423,29.9711704075,272.3679519891,2227.0320419148,2332.4106155758,0.0074535624
0,-63,85,0.631533293,75.5523955238,2.3115736657,31.7831050324,211.4534774097,2249.5766578491,2334.2982710679,7.19904632771624e-05
0,-72,-105,-0.9562324601,78.8294390138,2.2078664341,29.8150454926,221.5554253558,2248.0456866095,2304.9797492051,9.977599225291357e-08
0,-66,0,0.4286444623,95.4426458499,2.2497412069,32.3010251814,225.0544233411,2241.0955005056,2345.4974204989,0.0003964843
0,-65,21,0.6631679651,98.3077082136,2.1455695972,32.2588938999,219.8164727749,2243.701412442,2344.0576168982,5.506666663585671e-05
0,-57,13,-0.5868358988,84.2150245499,2.1830771676,30.8736692843,299.1180929196,2213.5209010225,2324.9738726228,0.001164806
0,-65,141,1.0652561496,81.7461777325,2.2510286695,32.4653584337,193.8641893161,2248.0062038154,2338.4627353455,0.000305559
0,-65,150,0.8252204763,77.6010297767,2.2534858446,32.3027892708,208.8743572777,2249.0347779055,2339.055711896,5.3459879034276254e-05
0,-69,-155,1.2657491434,87.2525463397,2.2487361471,31.6274656923,203.0891077695,2239.9047119445,2343.6436759158,2.5252443849184444e-07
0,-63,-157,0.5078210768,86.8486141263,2.1304425527,31.4776889564,223.0161459095,2237.7900333953,2327.4026919148,0.0001188098
0,-62,-29,-0.9306881873,85.9775441077,1.9699163752,31.5986330658,278.9058683916,2235.0239366826,2336.8011749888,4.482957876869462e-07
0,-70,-23,-1.0413359554,82.9655990547,2.1350557306,30.1992263693,272.5297688376,2235.8653021632,2339.9110516072,0.0042111577
0,-68,-160,1.1411241105,88.0750861763,2.1822943514,33.0504834192,216.494489716,2242.7885254273,2343.1528080484,4.696329445885416e-06
0,-69,-125,0.9384557581,79.7567410267,2.2891389566,33.4772319376,193.3024613809,2255.0267147066,2326.1644185362,0.0001386829
0,-65,59,-0.1848305517,80.9975003694,2.2727930852,33.9519203354,209.4608491305,2248.2222330653,2328.2482389702,6.621720754104795e-07
0,-65,174,1.1152843178,77.7896359815,2.1581781394,32.191725126,210.559967161,2241.0667036348,2327.8779760696,1.1814309303255596e-05
0,-59,-31,0.5015286476,87.238814963,2.1971625683,32.223570259,226.2291629202,2239.9240672329,2336.0019117641,0.0001128939
0,-66,155,-0.0524955221,80.0630937846,2.024038334,31.0492258341,234.245829175,2242.9234232927,2337.1943940904,1.6570316315484702e-05
0,-65,4,0.7002794601,97.1672923973,2.2619398372,32.1003472161,211.7400264555,2248.4436190234,2348.3231510955,0.0052170782
0,-60,145,1.777500422,70.8234642917,2.6609959471,35.4305453772,186.4998891173,2228.3553120281,2315.7785803075,5.4082477912535584e-05
0,-64,146,0.6134321845,81.3247460124,2.3775056944,32.5000990878,220.3319902115,2232.6671958457,2329.3791354671,1.4714444714083093e-05
0,-67,-168,0.2944967688,83.0420257664,2.2163833406,31.8656307802,233.1726235217,2215.3961937404,2334.9917093721,7.177533157769625e-05
0,-61,-37,-0.3104819034,89.994975241,2.0304654906,32.8908911715,255.9409733727,2241.4186551935,2339.1623249826,2.0350864304278246e-05
0,-66,166,-1.2742835963,81.7695572874,1.7804054979,29.304089947,325.6881757747,2189.6762479971,2310.836674698,1.4250285064
0,-59,23,0.4328633279,87.2849760782,2.0206404472,30.632350052,280.4955283024,2216.0863334877,2331.0296742281,0.0002679714
0,-60,9,0.3719850684,113.9481333421,2.3100957933,33.3089341407,181.9205659747,2272.4736102234,2353.9249884243,0.0025801612
0,-64,165,0.8114563506,90.0773988456,2.2033041625,32.3496160333,200.7696105267,2231.3796010289,2331.9380595122,6.343276166279108e-05
0,-61,129,1.5643023053,74.1934551456,2.3552356044,34.145761278,188.5405485749,2235.6644046856,2313.8212374004,4.290635460712482e-06
0,-34,-73,10.1459808458,29.3600321259,2.4645655485,29.2010599822,29.3913178575,2258.8633083711,2282.6293465205,4.729290333451707e-07
0,-59,7,0.2387263776,117.2858545939,2.4003196731,34.0497093383,211.7099586407,2255.126929435,2349.3353068793,1.2241084072441764e-05
0,-61,81,1.0274128971,88.9614782776,1.8541272372,32.1597212673,269.2400698948,2230.7528661687,2328.1032303113,0.0004880555
0,-63,111,0.7640605703,75.5227427974,2.298872117,33.2356844012,215.0192783714,2239.0669777844,2340.2077965516,4.872768033211566e-05
0,-73,-111,-1.7543157388,85.9930434011,1.9339840619,28.5761259241,300.6940581946,2178.1009589492,2286.3287636763,0.0138203727
0,-57,-29,-0.5543731495,84.141210681,1.9278286879,29.6794870134,289.2543419683,2212.396589892,2319.923739939,0.0036592404
0,-73,-126,-1.8039100294,91.5894729588,2.2473651648,31.4944370259,268.0596038401,2216.9318883774,2306.1193267987,0.0314334841
0,-63,17,-0.7441741826,92.365451922,1.9345641889,27.6590693393,283.236494017,2219.69939966,2328.6794400672,0.0166622925
0,-54,16,0.4370942557,80.0549693148,2.2364519499,31.3324598578,225.753097305,2223.2189134487,2334.4601208975,0.0001602374
0,-61,-9,-0.0729913174,108.9175486823,2.2786416132,31.1460121567,212.4441812115,2250.6430285819,2339.5510573165,8.283117995219604e-05
0,-61,141,1.7673847611,67.9794586728,2.3575793356,34.7749380026,186.7019797034,2236.7526866942,2314.6321509602,4.790845608959841e-05
0,-63,9,0.3812482436,108.1314571184,2.2456386198,32.0334740361,224.1594923755,2245.6523552356,2342.6497432696,0.0001884884
0,-67,-37,-1.0018424027,97.9471962109,2.2804130674,31.3895124176,249.2557233714,2238.162492751,2343.0419017464,0.0007747781
0,-60,7,-1.4144335773,83.3952536994,1.6861896579,29.4824918905,320.0255589994,2211.6456696767,2328.3569575499,0.0220164955
0,-68,-38,-0.9828170375,90.0672202323,2.2015730327,29.5990682595,252.7579382712,2239.1339891275,2343.7464632508,0.0001566373
0,-64,-143,0.9971864224,84.2019162734,2.3385670153,33.4158088814,194.302965901,2257.0460876118,2330.4536353144,3.902309000567114e-05
0,-70,-166,0.9535272432,83.0622540914,2.1442862563,32.2103726007,207.0557825062,2241.3254971141,2337.5252480071,0.0072807432
0,-66,-135,1.2119736523,83.3840441079,2.4969881189,31.714276203,241.5832052399,2225.4377857133,2327.3718484458,4.0086357916446784e-06
0,-61,-8,0.5434652232,104.8274061276,2.3493797889,32.5353756112,193.7291436839,2260.3637818674,2345.8759457009,4.120915246409227e-06
0,-61,25,0.780254341,81.68925232,2.2410481023,32.6752989246,236.316593834,2234.5399720495,2337.6816100393,0.0001221949
0,-61,9,0.2991863914,116.2414979228,2.3643353043,33.8221996225,197.2022789189,2262.0028426305,2345.1898522741,8.224063955264053e-05
0,-66,-35,-1.0520032158,90.1867164445,2.1722290855,30.8024195697,224.3355092616,2250.6952373299,2344.7844729688,0.0902679483
0,-57,33,0.3696934586,81.8052467009,2.2125730868,30.9894073295,261.8777320331,2208.4286990778,2305.2057087903,0.0003275778
0,-62,-33,-0.4268352037,84.890797173,2.2040650129,30.777537435,237.3566029949,2239.6991949476,2341.61037577,5.344991903978618e-06
0,-64,-27,-0.0039790532,106.8541904433,2.3326447047,32.5853655396,230.5919765075,2258.0455227963,2351.0011956803,0.000722637
0,-59,-10,0.0986689714,94.1684819052,2.0997104257,30.7618405185,240.8431989827,2244.2404897089,2334.2592872427,0.003011768
0,-68,-180,0.7739808339,83.1655675737,2.1115458592,31.8503202798,217.7159920301,2241.9465070989,2336.6797846899,0.0009674768
0,-65,-151,0.9092444654,95.5493807921,2.2779808234,32.8619021273,194.4293901154,2255.6975792419,2339.2006715247,0.0001200983
0,-62,-45,-0.6716854313,102.2329906673,2.2288743721,32.4138902165,237.6456408684,2241.4950685192,2343.9378345038,4.386483968050847e-05
0,-66,-41,-0.6993242219,101.6781520946,2.2594580513,32.8021553941,252.1268961515,2237.597791182,2345.2446540092,0.0002810245
0,-57,-3,0.2615704253,90.7384125022,2.246393617,33.8016154963,224.7675849612,2240.6424008067,2332.9876129583,1.6945204433184202e-05
0,-66,8,-0.4552974027,89.7206138926,2.1914676263,32.7939539442,224.9688983464,2243.3938806922,2341.8611389538,0.0041971638
0,-58,15,0.1277355518,103.6131152224,2.3414804723,33.2986820513,225.4074792814,2245.8003698133,2343.7620891094,1.1621943015412715e-05
0,-59,-8,0.1005767623,100.7416186688,2.1366963825,30.9313133345,243.7541943666,2241.6549672699,2335.029517021,0.0012229781
0,-68,-18,0.4249654224,94.9110434147,2.2502217423,32.8983946368,222.792741093,2260.7372772795,2348.6708829314,0.0049071404
0,-57,37,1.071162982,81.5840866202,2.4938360441,30.7028964744,240.6250697594,2214.3568362271,2306.6658592722,3.6559534615606965e-05
0,-61,-47,-0.3785246937,90.0949088421,2.2170702515,31.4277175008,269.6378083318,2228.5656439744,2337.7314602954,0.0008495922
0,-68,-18,0.4552288419,94.6326882296,2.1998929623,31.0222094559,245.8704516143,2236.3210658405,2349.2260148706,5.225005362252049e-05
0,-69,9,-0.7198482072,86.3311804207,2.1729013433,30.669462452,243.4735890326,2239.3433285651,2339.2655583939,0.0112454941
0,-65,-154,0.0844967301,83.553376987,2.3762000622,33.1264069974,216.5139371034,2251.0667807991,2344.2505700691,0.0005036238
0,-71,-77,-1.8322118643,106.4832594882,2.7194570117,33.4313760514,275.2186706891,2209.1211911495,2319.2305484322,0.2495209494
0,-68,-47,-1.8715952012,85.113247575,2.1215268078,30.1757441715,274.499785461,2226.0059095292,2338.0612973593,0.0090864988
0,-68,-71,-0.1869171205,92.3780698311,2.3710296526,33.7211045945,198.5954657211,2256.2483023015,2336.1413969295,0.029195894
0,-64,66,0.7164599154,79.8657166085,2.3593403535,34.6963690396,185.6236568703,2260.6169069905,2328.6343883194,0.0009387156
0,-68,22,0.1800630807,109.4758144284,2.046076118,31.2683933089,202.6978837336,2257.4051395645,2344.8726721651,0.002435172
0,-63,126,1.2944385734,73.139152191,2.2458397067,32.6647431893,197.7774742789,2237.5809978576,2330.0027434657,7.948423894346166e-05
0,-64,-165,1.4318331476,80.0181286219,2.2972153521,33.0882267637,206.1699121105,2219.6823707597,2331.7208605851,5.667340724389748e-07
0,-61,10,0.3834952076,93.0946061221,2.1687169469,31.9711223445,235.8913449745,2250.3361517472,2343.4425037667,0.0003239774
0,-65,9,-0.6921083734,88.300208558,2.1525854996,32.7727361202,227.8929955574,2242.2331449489,2339.366161691,0.0074008976
0,-69,-163,0.3591885339,80.3095422337,2.1814670899,31.9220586787,216.9789423971,2243.9001671745,2333.2289903276,0.0011155352
0,-65,-5,-0.3941996445,88.680834705,2.2007864806,33.3791741136,234.4541914552,2247.1035732766,2343.2273945316,0.0005462203
0,-64,6,-0.2973911558,84.7809472816,2.1356627235,31.0717507266,245.3767495931,2236.4093239017,2335.629968022,0.0015586207
0,-60,23,0.7187022001,84.4153082787,2.1741908931,32.381438128,229.4324039991,2236.4520679791,2333.9836624831,0.0003626613
0,-69,21,0.4018650923,86.7901872343,1.7772102814,29.771674049,221.4522008158,2238.545373533,2343.5618110385,1.736881328212274e-05
0,-59,-35,0.1814430431,90.8208107119,1.9509469036,28.5970765871,257.3120109207,2228.3269830282,2336.1180597497,0.0001588808
0,-66,-39,-0.5379131044,104.4711160347,2.2836140687,32.6906522073,242.7608287158,2241.347922649,2345.844288874,0.0013529456
0,-68,-19,0.1705584255,91.7307197971,2.2122826786,31.8047898633,204.2430525936,2259.5913067791,2347.8659355349,0.0067959206
0,-61,-35,-0.5502474536,90.871258161,2.1475221883,31.7139534097,264.2446952073,2230.3285874188,2334.9662295119,0.0042073098
0,-74,-33,-1.1866415739,95.5032936316,2.1968524026,32.6477129554,199.3196455939,2262.0618913047,2345.7876391047,2.641775611942212e-07
0,-74,176,-0.7245905468,82.7167125707,2.0893809951,30.7109642225,252.8149787492,2235.9290259387,2334.4260020467,0.000338372
0,-66,163,0.5198617632,86.4394950673,2.0213973095,32.7160906024,213.4375135737,2249.4549706455,2342.5868192863,0.0060744623
0,-58,0,-0.4851176341,82.8286259475,2.1548914955,30.9957707389,255.7749227376,2233.1877411355,2332.2261435085,0.0006309438
0,-67,-68,-1.2753099725,98.1280319244,1.7613264798,33.0754272491,279.851526022,2222.926174837,2315.2628191529,0.0042358182
0,-62,-151,-1.3533294605,86.6998172031,2.0869927671,30.305148255,292.2239887688,2209.9921980145,2314.7856848561,0.0021967655
0,-63,-34,-1.1146945313,90.6257185241,1.9936463986,29.7394601538,257.9461507913,2234.8406160452,2337.4898564234,0.0001078844
0,-70,174,0.1549642874,85.7917176596,2.1413115275,32.5096084475,230.7094674922,2245.338550908,2340.5147407902,0.0061688064
0,-66,161,0.1944718477,88.7283280773,2.1649772157,32.3591590733,230.2742817748,2243.0690516789,2339.5940164234,7.503821520458947e-05
0,-64,67,0.692700452,81.9571917923,2.3477221539,33.9917914442,183.3964677049,2256.7122202522,2327.2372353105,0.0001166577
0,-60,-147,0.4510214739,85.4912735227,2.3366356856,32.4592967938,211.6824259231,2250.3852695003,2333.2785824179,0.0001004797
0,-67,-48,-0.2552394701,101.5171170491,2.2096318917,30.479910819,231.9375147584,2242.1288533325,2347.8928275779,1.2481164103248115e-05
0,-64,-41,-0.2001856653,104.9498800975,2.2975996882,33.2054342792,216.8200098105,2253.9783310894,2349.7136007215,0.0009350816
0,-31,-73,10.6694069332,29.2730167087,3.3140693024,36.2063383398,50.7281941259,2234.5567021125,2276.7952330158,3.4506038871729035e-05
0,-59,83,1.5131622349,77.5678445037,2.3037742947,33.1584928735,203.4166510764,2230.687751368,2326.1100217347,0.0022811303
0,-57,2,0.4088853723,88.4946413957,2.2549675655,31.82331958,230.4334516274,2234.3249985164,2335.1463936586,2.640441627047483e-05
0,-68,-159,-0.1792037417,78.4581498329,2.1769246441,31.7063655152,222.8365805728,2242.8530772265,2329.5519490183,0.0022624381
0,-66,8,-0.9184053814,83.1882245688,2.1168386694,30.5203351735,270.5186747731,2224.3964362094,2333.9701712776,0.0065176467
0,-63,17,0.9852311479,90.1603681224,2.1817660722,31.7933798139,216.4831658827,2238.7226663489,2341.2640277308,0.0007884341
0,-67,-7,0.5352360071,95.597607768,2.2032113738,31.8893980128,218.6836972131,2243.5549093442,2344.3748968792,1.068939713965961e-05
0,-66,134,-0.8936100104,103.1804469824,2.3418735255,33.7997016818,244.5313340426,2241.7069075995,2338.3692911103,0.0019298763
0,-72,-78,-0.3832050101,114.2016677856,2.3118771324,31.4910001922,259.3776552305,2243.9783919315,2324.6181349039,5.91254307954224e-08
0,-65,-143,0.8794666947,92.8870333795,2.0295781405,30.317462516,289.7726762704,2204.8872667604,2331.2894452816,1.6118997523407138e-05
0,-71,-93,-0.6794148054,94.1150803733,2.2651057837,33.7634463392,228.2987537613,2242.9818862801,2320.3068399292,1.915431092258809e-06
0,-68,-156,0.5869033917,85.3975614201,2.2143617152,31.2620244861,222.486489474,2222.0055826038,2339.4142663865,6.349931376171773e-06
0,-73,-177,0.1840497049,82.0105856735,2.0972421191,31.171294733,230.407982858,2239.5170833215,2337.0064550406,1.4118300512042442e-05
0,-61,-6,-0.2826983161,89.611900963,2.1686316686,30.7599819008,234.8038288138,2235.6900821616,2335.970801065,0.0003054069
0,-61,-59,1.0741275045,76.6323606055,2.3664975037,35.0433180592,221.1859384949,2238.4641381775,2334.1721590474,0.0003294671
0,-65,104,-1.404154342,80.8810441961,2.3715311217,31.9342853611,350.8767349401,2212.4923026201,2329.5944328092,0.0019617175
0,-65,-40,-0.2353256939,82.0167869407,1.5942714707,24.1966115481,348.1980967823,2161.8746130976,2310.3117982699,5.3326463819
0,-62,82,1.3799001604,90.8817836874,2.1159256445,32.6866207576,227.1461112212,2242.0228448299,2331.8528895602,2.2416333466816003e-05
0,-68,17,0.2094909132,83.5595553233,1.957251315,28.9722158329,236.2707846463,2242.324979569,2343.7404417946,2.018316860466679e-05
0,-62,54,1.5836780172,85.3265672223,2.3727695153,34.0218004674,198.5729289988,2245.9820257533,2331.84953749,0.0001922928
0,-64,23,1.1792200605,90.4797673833,2.2551854474,32.2293726344,233.5802657741,2248.7098195484,2346.4122249687,1.3122506583448236e-06
0,-65,138,-0.2905912252,91.6814686637,2.2454754508,33.7580798292,222.4955726377,2231.2115774461,2334.981035685,0.0005196487
0,-68,-69,-0.1078013525,110.1362107981,1.9428139484,32.2444991686,229.8818743479,2246.7521234884,2342.4430038512,3.264528187027136e-08
0,-62,-35,-0.3932015206,97.1526725839,2.1376478188,32.9860610142,237.8839380644,2250.4125371687,2343.4957204386,3.1660456001455305e-06
0,-62,26,1.0063114021,87.2725745957,2.2997924005,33.2232233077,209.9591937636,2246.0524491562,2336.5755044141,8.145397557235757e-05
0,-68,-173,0.6266282617,87.5633687578,2.2700164919,32.5164753603,186.9363284449,2230.880717603,2339.8734264507,9.644446423254684e-06
0,-67,-29,0.0694306092,97.7220615104,2.2675769075,32.4537616956,201.1830709532,2262.1806376162,2350.3246353768,1.4716974774898456e-05
0,-66,115,-0.8218400152,81.1035873517,2.1057131291,30.5793876592,248.7886108235,2233.6422848589,2328.8814702623,0.0003057982
0,-64,16,1.0272665933,116.4976978798,2.2710445438,33.1401507211,202.6756532061,2252.210677379,2347.0131267846,1.5612404742594877e-05
0,-56,23,-1.1455271615,80.9673413146,1.643984745,25.2674315015,354.1722004968,2173.0720208287,2302.1094783505,73.8643193737
0,-65,160,-0.2962752091,86.227264541,2.1417919612,32.1878518701,218.1416813648,2236.1868917277,2332.2649893431,0.0003677367
0,-62,-19,-0.2465015016,103.3694697443,2.0764246166,31.8115448863,237.8532228851,2245.9002074759,2343.2629185711,8.426566651147365e-05
0,-61,-18,-0.6319806992,87.2280837995,1.8982373987,30.4050514423,289.8064704868,2226.7953055166,2329.5972708701,0.000585886
0,-64,-33,-1.3154718713,92.5612951173,2.0133248853,29.9033455608,256.8174596365,2235.9028984688,2337.3759501892,9.866549751743637e-05
0,-65,-157,1.0903059683,87.7252943344,2.2918151367,31.9674287184,217.7581724179,2223.0581039508,2339.7167744185,5.403805558056024e-06
0,-66,158,-1.0075902137,83.3033497468,1.7913297345,31.600477127,274.4989517142,2200.5816657547,2323.1823444437,0.0475740256
0,-60,-28,-0.4472488014,97.7392714351,2.0883978617,31.0742496455,234.014933799,2240.2348975893,2336.1318440935,1.7956813835857912e-05
0,-64,128,0.6907858063,81.7968200064,2.432636917,33.5755165492,201.615725268,2244.5104433856,2331.1201948155,2.7900477065318664e-07
0,-60,158,1.1047496724,73.9605227466,2.2388674434,37.2404147116,208.8214525131,2219.0648897283,2308.31456299,0.0006368148
0,-62,6,0.2248382661,99.6670911134,2.3586916598,31.7846199527,231.8481605165,2240.8323343409,2345.1275352137,0.00637308
0,-66,3,0.2975854576,80.9738227723,2.2178274518,31.9755254412,210.9357574323,2253.1862114858,2344.9730423325,0.0001777628
0,-71,-78,-1.2876378651,91.08108088,2.0602081297,29.2516291626,253.2521505773,2229.3907323067,2298.6034322181,0.0001035432
0,-63,-1,-0.1960752929,96.8490731247,2.2704984447,32.7700413322,225.5624815329,2241.0153718503,2343.5024188545,0.0029608
0,-67,-38,-0.287544429,89.1384471048,2.1847627903,30.7869781809,222.6602376063,2248.43644888,2347.391334932,5.944913984166788e-06
0,-64,-138,0.2732990736,75.4328505444,2.3487059244,33.6081661646,205.6486291753,2257.2861131533,2320.1213882557,0.000149396
0,-68,-169,0.7940807126,80.8623751092,2.2061858722,32.7525966637,209.290814531,2236.5449932112,2336.5086478146,3.876805624626674e-05
0,-62,151,1.3176843609,73.3861962773,2.3768676514,33.9882364031,185.9822300613,2239.9171966445,2324.96190313,0.0008970072
0,-64,-5,0.7947663418,102.8075106885,2.2366412885,31.7066553909,198.6172508905,2256.6207614892,2345.9389837707,0.005628171
0,-60,3,0.2795485406,102.5192684816,2.3165464122,33.2422739619,218.7407777128,2244.4738198664,2345.7553379114,0.0219109692
0,-66,-25,0.0465088501,96.2228661852,2.1810444689,31.8421892576,209.7486386139,2259.2263062434,2350.0430616265,0.0333196187
0,-67,25,-0.3257155308,102.7503802553,2.099132727,31.4494855446,219.4255476031,2249.7394615049,2337.1851522799,0.0088700184
0,-62,101,0.7791257932,78.010277993,2.3384876301,33.3488397677,196.1451756425,2249.6142604668,2330.4964540729,1.1665067359219411e-05
0,-63,21,1.1083979684,89.0246657014,2.25378246,31.3470173506,207.1729704738,2249.5930347658,2344.2758041507,0.0018629643
0,-68,-41,-0.2293693291,99.3580544274,2.261869381,31.56457898,208.3852059988,2252.6818841336,2349.1367588573,0.000416898
0,-36,-74,10.2330142501,24.1986208363,2.6929844888,31.3007336203,44.854525592,2242.5664074066,2276.8924311077,7.4769524612515e-06
0,-66,-70,0.7429463971,80.7169725895,2.3202706156,34.8587540428,220.2651111652,2222.1427474987,2340.1475990178,1.691184397250717e-05
0,-61,18,0.3513644952,91.2866213013,1.970390007,32.0686726566,228.5933478727,2241.5674692115,2341.8288230137,0.0035513842
0,-66,-48,-1.6663198826,85.9090406773,2.1252606436,31.3724351312,265.0969567599,2232.2287882929,2341.0207649464,0.0151458584
0,-62,2,-1.1694183939,82.8404747894,2.1690273824,30.627986561,274.8028630862,2220.3093811323,2332.4964744099,0.0159438869
0,-62,-40,-0.8275512227,91.132124678,2.0276190213,29.7070063733,292.1760295176,2220.315616826,2333.4129123914,0.0034437912
0,-72,-84,-0.8527776218,109.7205205194,3.0474837674,34.1059744648,274.2121684993,2225.3296770793,2331.5808967582,1.616894665468502e-06
0,-68,-31,-1.2483958176,88.4738703729,1.8997383745,28.9712934757,330.7973705213,2190.3351994726,2326.2363775262,1.5158442358
0,-68,-42,-0.0983271917,103.4287608951,2.2995967763,30.3197358786,238.6397856261,2238.0878297715,2346.9880017336,3.746210060652551e-05
0,-74,-135,-1.3126700176,86.1422072351,2.1312119733,29.1003399193,264.9041717052,2195.4413284629,2305.7468369508,0.0024418116
0,-64,-28,-0.7074878307,87.2436774231,2.1725130178,30.8941042552,264.2534757498,2247.3397053991,2345.1669722242,0.0052419463
0,-63,-49,-1.2676544443,83.2394637753,2.104103879,30.0501144851,293.7421671956,2222.0748775243,2335.0763810723,0.0181367868
0,-63,50,0.9806188709,83.7321909522,2.3360903584,33.164692571,193.5996671032,2249.2668430318,2335.1107392467,9.365263980892876e-05
0,-65,-68,1.0484241675,88.225132073,2.2750197967,33.0525396069,252.6763930573,2223.7359404763,2341.0904637315,9.167709136968883e-06
0,-71,-88,0.2522140647,100.1100124543,2.3360164955,33.5035361449,191.0455687782,2262.1853815624,2339.7897634391,3.620752476183437e-07
0,-60,-32,0.0576221488,104.9153614249,2.3905918636,34.3249797733,243.1723441883,2242.1159658127,2343.2363676846,0.0091471185
0,-61,-153,0.965920744,88.140277765,2.3011943934,32.7255741367,220.0229116375,2237.590519555,2331.5812736028,0.0004330506
0,-61,154,1.2768506615,71.2469627439,2.3651833153,33.7333546773,202.2835226645,2245.5136944132,2331.1094853944,0.0008583601
0,-65,3,0.4738811883,92.0327748657,2.2210144186,31.4363328015,223.9377483587,2256.293300472,2349.5865849768,1.2804458938787442e-06
0,-68,166,-0.1312949478,87.9903732121,2.0614125673,30.6188446179,243.100974198,2238.3717738869,2335.4448604762,0.0025066992
0,-61,44,0.3666631472,79.618278557,2.2597625317,32.4907490931,194.660215257,2237.8388214814,2317.8553535398,0.0009194622
0,-69,-14,-0.0717917637,91.0221332351,2.2250444789,32.1081055396,229.8306186109,2243.5359585976,2343.2123285689,3.584006176980021e-05
0,-66,-37,-0.9450642476,91.283034138,2.192229614,30.8840082477,228.8651453564,2248.0142622924,2345.0919147532,0.0601420853
0,-58,-4,-0.4069002055,88.4048604584,2.0289500352,31.9951496358,236.8769676077,2237.3830606482,2327.5167759923,0.0062865019
0,-63,117,0.8709046493,78.4293655279,2.3689073857,34.2976188718,182.7735951253,2251.6633730876,2332.416690113,3.3592120360191823e-06
0,-66,42,-0.4570043033,89.2312467782,2.2747684542,33.136279507,222.3974353306,2239.7091407231,2334.5969572674,2.1689631960279675e-05
0,-70,23,0.371145023,86.1190681979,1.7846769724,28.3012876287,234.5327761769,2227.9737125715,2343.4101682941,3.398684768203804e-07
0,-61,-42,-0.4482155534,81.8074778829,2.3236821261,31.630071899,255.5588692871,2235.3772948245,2340.2343146284,0.000760738
0,-71,-127,0.5387322205,82.3438529902,2.185886425,31.4880892495,229.6292111096,2237.3972552809,2315.4119705539,1.4368851727084246e-06
0,-61,-42,-0.9114909109,84.1231085097,1.9727229683,29.5203160923,330.5227117483,2205.1323334595,2325.9524466101,0.0124655904
0,-60,11,-0.6739946775,90.9066345588,2.1585138519,30.7206200859,268.9409191167,2222.897365647,2323.0843593209,0.0014620957
0,-61,122,1.1524844809,73.6427615875,2.3635363168,33.2822896972,204.6222862356,2234.1338953843,2317.2371313168,0.0015078157
0,-56,2,0.2027246287,80.7070279714,2.2047466285,31.7739186681,247.9291448268,2227.1440731292,2325.1882015038,7.353747770263126e-05
0,-61,0,0.3367618898,100.3199258602,2.2211208966,32.0988056497,201.8887131807,2250.8884359334,2346.7069524672,3.663880176231571e-05
0,-70,-77,-0.2093540992,95.2863525825,2.2974873232,32.297330618,224.7348688486,2247.7155353067,2330.798727732,3.543756952903028e-07
0,-63,-12,-0.3831898805,81.4646558144,2.3634247146,31.8791005237,238.4479205896,2244.1987218401,2335.8676896965,0.0003217865
0,-64,5,0.5569726675,102.8147449358,2.2415680121,33.4591598992,215.7864000802,2250.765552025,2349.0320046555,2.079541846727442e-06
0,-61,1,0.4625768016,112.2429697576,2.3289489712,33.270235744,196.542050266,2263.9799202453,2351.5597015487,3.849367592614489e-06
0,-67,1,0.6938114794,94.3993375808,2.2476776728,32.2806406261,217.9046377205,2239.0912353838,2347.9376662144,0.0007373199
0,-71,-125,-0.4677083962,83.2227730984,2.2523191686,31.6551577617,237.1570739857,2235.6590954043,2320.2486385794,3.854842024472368e-05
0,-63,6,-0.2667173243,89.4050557306,2.207417652,31.7081897644,217.4062789906,2249.8873933257,2339.7621531786,0.0061297005
0,-68,171,-0.327350514,94.383408344,2.2418048581,32.6499367701,212.3432612806,2244.5227579419,2333.6468444869,0.0025062679
0,-63,125,1.4745631914,79.7691585241,2.0960508411,34.8533406518,206.9787118921,2239.0109646983,2330.9897282803,0.0023257522
0,-65,17,0.9852694718,107.5921123109,2.2945060088,32.0303300496,212.7327388394,2243.8933015611,2348.5797641272,1.476720479314387e-05
0,-73,-124,-1.8544799918,87.4084023237,2.1259982588,30.0636510849,288.0227874368,2212.8609666429,2312.4012329891,5.0669444517234295e-08
0,-62,21,-0.5730609935,83.6930305557,1.9137033014,28.7254059947,283.868862573,2218.2368420037,2328.2005967558,0.0043367817
0,-70,-149,0.9981584787,80.7901812226,2.2341230751,31.9040985559,209.8500338577,2239.142581472,2339.3140316007,5.31202749985206e-07
0,-68,-148,1.1611563366,86.9614283757,2.2941599084,32.8104299047,202.270934381,2251.0770437286,2343.1268533957,6.043864549069823e-06
0,-64,153,0.5085969174,83.0815117465,2.3046786185,32.32087508,228.8212031774,2232.9778440784,2324.2335208898,0.0008479469
0,-68,-51,-1.0356712229,89.2794379351,2.1762643769,26.0775874904,254.7370123011,2232.6146773581,2342.6001909505,2.660102143875411e-05
0,-64,-60,-0.3466100097,83.7398910522,1.7654432058,26.4111232758,337.2296447754,2201.0095522541,2325.6280109895,57.4620448087
0,-65,-43,-0.6752033853,101.7099413806,2.2205527343,33.0334360745,253.1290044102,2237.4814576686,2345.0055679528,0.0154838418
0,-60,-45,-0.2397507637,84.7465125087,2.0173195958,30.6655754014,287.8574849327,2217.5076426174,2328.0502428487,0.0014988845
0,-65,139,-0.318082291,87.7992307168,2.2886191017,32.9691352314,256.4537263308,2227.3873561627,2333.5236720357,0.0133445423
0,-63,14,0.891874169,92.6083965162,2.2119997325,31.8910341061,216.2039078942,2243.7333603335,2344.2640224029,0.0003402313
0,-70,166,-0.6285199984,83.8617653027,2.0625060559,32.6317283645,258.9291504398,2234.1399828068,2333.355542147,4.746176649448627e-06
0,-67,-70,-1.7827842337,81.7059088261,1.5221817901,20.4454586768,340.800004308,2196.3343911538,2308.2849427971,12.7289774132
0,-70,-109,0.6405045725,70.4056868787,2.3386331624,33.6664419562,190.1538931907,2264.8549275973,2315.0090845106,1.0170559988034427e-05
0,-67,-177,1.2436419951,87.0313563381,2.2368289059,32.7444055557,185.0004326299,2237.7546693448,2337.9350620422,6.315319850245924e-07
0,-67,-51,-1.6233263732,85.5810698996,2.0828490064,26.0573289661,274.8803358415,2225.9737097371,2337.6574012984,0.0026411546
0,-36,-74,10.8290976176,12.4868082883,3.393497511,30.6056553456,119.2515525264,2174.47469264,2257.9809890454,0.0027813059
0,-57,8,0.2421519613,104.0428844302,2.3050574028,33.0736374724,226.7570380431,2246.2397291747,2347.9268757479,0.0001729736
0,-71,-81,-1.0627297892,88.4013689555,2.1320417204,30.8343697693,269.8568397935,2226.3772466514,2310.502342098,2.9332299615886127e-05
0,-61,146,1.905096137,67.1711022387,2.4229941607,35.126286914,193.7026686334,2237.4998692297,2320.7044526245,0.0001091827
0,-65,-150,0.2646869834,81.7998510369,2.2225736011,31.6903533149,222.8151013696,2244.6739391423,2330.87269009,0.0002173266
0,-64,4,0.3712231052,90.0054829144,2.2221860358,32.0867780654,219.4654786306,2248.126450105,2340.3569929839,0.0002824737
0,-64,-165,1.172750978,77.9073740972,2.1678208614,33.2433032775,213.4559516937,2237.5374902269,2333.9537824657,1.1290881426382398e-05
0,-60,17,0.1079306477,81.6259969512,2.0863937196,31.1393869918,255.6293375783,2230.8596926516,2340.3651496215,0.0140561356
0,-57,-2,-0.1941013409,84.3122176064,2.1632593288,32.3195863932,241.7195792726,2231.7960329559,2326.7125400628,0.0014286281
0,-64,-39,-1.4506524509,84.6286311051,2.1186892325,30.3193211902,269.4260540521,2232.0866980277,2339.2159424581,0.0053917044
0,-58,18,0.2432771581,93.5267127502,2.076945463,31.1793103719,263.2649307056,2231.7789197554,2343.3638883373,0.0007049437
0,-68,4,0.3794855026,90.7313363759,2.2050219622,31.2667308523,213.1151220176,2248.9430915268,2347.1256837742,0.0388965437
0,-63,54,1.0078474478,78.7610110363,2.1571063217,32.7645900517,196.6054480269,2253.2297254342,2332.2504364262,0.0008750376
0,-58,-27,0.1367394181,87.6317914438,1.8445042243,33.6618200834,241.5543544438,2237.3499052511,2335.6632829016,1.342652348102864e-05
0,-74,-34,-1.5146151275,86.8673907881,2.091168269,31.8139238895,258.694089193,2229.1220938181,2342.6921862284,1.7721133942069226e-05
0,-64,-159,1.0876566119,77.9515982576,2.2873483904,31.56052697,214.8828443926,2242.3136552965,2333.5280233743,0.0003825937
0,-67,-77,0.2206957677,80.6857637486,2.3136582096,32.9907063331,248.8704586981,2223.8385984442,2324.8385399126,1.678420478277273e-06
0,-62,0,0.295245346,98.5831676481,2.2290908898,31.5232646066,200.1314657475,2250.184463021,2346.0865443859,0.0001178527
0,-74,-117,-0.6993549857,83.1753387451,1.9728754163,26.0223064424,290.6730956864,2170.7848550074,2296.7216378414,0.2966357122
0,-67,-170,0.6955411246,84.4293953916,2.2715366113,32.6358018564,203.4389976582,2248.1295431321,2335.708336696,0.0005721808
0,-64,-18,0.2285685387,89.0069412276,2.5253924028,33.8586265569,207.5888516503,2252.4637983339,2345.3881823471,1.4610686782878312e-05
0,-62,-1,0.3316591321,95.3409723358,2.2275362401,31.819059104,202.4962987207,2260.6449535791,2347.908377244,0.0033787233
0,-68,-71,1.012376859,91.4628727707,2.3616695415,34.2085289373,223.9597970315,2232.0024009676,2341.7126782717,2.78002729264941e-06
0,-61,10,0.5182979877,99.7887224809,2.2791932583,32.5247039397,207.2931511441,2261.5934313217,2349.385345615,3.398104272766962e-05
0,-63,23,0.7891257673,106.9782945124,2.0585820747,32.1765195668,207.7864164502,2249.8479255231,2339.4934975216,7.610811850769312e-05
0,-72,-76,-1.2471700385,91.5405060053,1.8926646233,30.1186767578,296.402557373,2195.368922775,2315.3194647911,0.000190953
0,-62,-149,-0.0397357781,85.9120645166,2.2485373127,32.417530641,239.9161515783,2206.2737478526,2329.6390179106,0.001125367
0,-60,-38,-1.1948534774,82.7524106635,2.0701133837,29.8659038954,356.6619582781,2192.1096604732,2321.4919543824,11.3774851958
0,-65,76,0.3008660124,77.2642046228,2.1623262023,33.2246746216,222.981032603,2249.4331825518,2330.078241648,4.516900734662303e-06
0,-67,-70,0.5872942287,86.7783305601,1.7630935793,33.4683071864,202.4558318337,2274.9551814119,2332.9730035103,0.0384569205
0,-66,-1,0.4193541355,87.7626736252,2.2214404857,31.6015560758,201.3908359504,2257.8216802954,2345.8849439808,0.0253530226
0,-64,61,0.1895422097,76.0340040245,2.3617637843,34.1094103703,217.3860991588,2240.0275402112,2318.9118556127,0.0010931116
0,-69,-73,-0.014064199,82.7970779361,2.3570303683,33.2477434885,221.1728465491,2219.3730394815,2340.2813779243,5.2699644008117565e-06
0,-60,129,1.5782242676,66.073607241,2.4309705618,33.1041779333,205.0184430412,2227.690575544,2311.2401205025,0.0002635267
0,-66,-172,1.1816028775,84.3419864889,2.269832397,32.891768262,197.7907629304,2223.4759046225,2334.7752129036,2.8005777419961865e-06
0,-65,22,1.1447057963,91.3394994315,2.0848393335,32.9237235942,197.547582193,2249.6265229075,2343.6871562363,4.3595335071388894e-05
0,-62,154,1.0987143315,85.9067916703,2.3913777987,36.0346328174,171.4596431327,2245.5395874461,2328.4156171757,0.0014982421
0,-71,-122,0.511789361,81.4456986789,2.2477114612,32.3162970305,222.763036473,2244.624419052,2314.3113479644,8.647904432562473e-07
0,-64,132,0.650800758,93.2694758842,2.3565907029,33.9458812217,196.8998141035,2246.5358324573,2330.2645444647,1.920864802364129e-06
0,-62,5,0.2983182253,95.3213086498,2.2532957165,32.1098000325,219.7477554062,2249.735687128,2339.9158147718,0.000228103
0,-63,-31,-0.3519019656,104.3251859467,2.2924728348,32.4000117701,233.7116912967,2249.3826122085,2345.6671721733,0.0019655988
0,-58,1,0.0486396681,93.0137995733,2.1936160524,33.1827264113,229.4260954658,2239.8900298642,2335.6136018767,0.0012244168
0,-66,3,0.6137779468,93.2936677136,2.1848259132,30.962947956,211.168171666,2235.9114471175,2350.1361618631,1.8673903322135664e-06
0,-61,83,1.2808799546,78.240965832,2.3325697217,33.9726994311,198.386087201,2248.1625863285,2328.6414012749,2.7147285221401665e-05
0,-63,42,0.8827763876,82.8636792481,2.0807607427,31.3590032171,213.2387727535,2239.0569380751,2329.0606004058,0.000498174
0,-60,83,1.1359795935,81.0307905642,2.3358565018,32.8135731329,198.8781103379,2248.1568724784,2331.0239205105,0.0004531209
0,-71,-90,-1.1311035401,87.7456636868,2.1399260021,28.4978100418,253.6175523598,2226.9691846736,2315.7514252184,0.0002350929
0,-64,14,0.1022850945,102.7074308411,2.1248142913,30.4355816012,218.693794842,2248.7287863808,2338.6885739952,0.003046097
0,-58,18,0.3642829184,83.3778773987,2.1774780774,31.8773417741,232.5899557781,2243.03052928,2345.8230157858,8.823810634854209e-05
0,-74,-131,-1.6936050043,99.8075104058,2.4799367227,34.2077217251,344.0782164931,2168.4486606707,2306.4562652017,22.4766598041
0,-64,-43,-0.4210631214,106.0246068918,2.2437960002,33.2113660723,239.3450794037,2243.360757443,2346.6694837152,0.0132437203
0,-63,-38,-0.3767411975,104.0923070859,2.1651931476,31.8992517073,249.149409375,2237.3724204642,2343.4165717242,7.694481357104905e-07
0,-64,-148,1.220536756,93.6913534933,2.3090722285,32.6063360081,195.398421825,2254.9639435002,2340.3109361335,1.9061356215808075e-06
0,-33,-72,10.7532663699,20.9035616031,2.5811053439,29.5937409187,42.1295544247,2241.1681241242,2279.6219820401,6.639722502601042e-05
0,-60,99,1.1384456642,80.067840707,2.2255716667,31.5337265073,214.9473246813,2232.8687198653,2322.1816219677,0.0005046533
0,-62,77,1.5230444308,75.0169406435,2.1893983775,34.5264779197,204.326348597,2260.4058050809,2335.4181341868,0.0001214454
0,-64,153,1.3133100932,80.8258407921,2.3220747988,33.38452487,198.9590088384,2248.3968717824,2340.5660173308,0.0038983414
0,-64,-2,0.6814511892,96.8667346727,2.266544217,32.3611943494,196.6844604356,2258.1940887057,2346.6833764346,1.3498865669365267e-05
0,-60,-11,0.315395506,94.2617984829,2.2451590985,30.8528353978,223.6564882566,2247.4518127547,2339.8384120451,3.7484498618023336e-06
0,-72,-19,-0.7060174599,89.1460936803,2.2617475865,31.1596499671,222.420731819,2241.6291612584,2348.753410068,2.782095961995396e-07
0,-63,-31,-1.4055260335,88.9446166785,2.1685167534,30.1229755255,282.6913175521,2227.429175703,2335.8711756012,0.016944728
0,-71,-45,-1.7058920287,87.1910368206,2.1859851103,25.9830620766,274.2643030942,2224.9286554364,2341.680190333,0.004097753
0,-71,-92,-0.5713244419,84.2012640609,2.1832669169,30.8723953392,249.6870915498,2217.0199804361,2333.1822962179,8.256949150905373e-09
0,-63,10,0.6368727767,93.4924972027,2.2008796699,31.875857598,222.8509218719,2248.5796355992,2344.9673260335,0.0001647219
0,-59,9,0.2278326787,110.8526563274,2.2667054511,34.3476679302,207.9351386778,2254.5800604168,2344.2860894617,0.0002593226
0,-69,-157,0.8854713394,84.7359316306,2.187727551,31.6121841169,220.8563579447,2241.1809512207,2336.2059075063,1.6513691721015373e-05
0,-66,123,-0.8979891516,85.0976265722,2.1436751141,32.5542379188,240.648991384,2236.166575369,2335.0084905044,0.0017628257
0,-67,36,-0.5712180402,82.0305108831,2.1938179434,31.5007624567,241.0225258763,2236.9960541691,2337.5555868188,3.9080835855670093e-07
0,-66,-35,-1.658747688,87.4392978512,2.2270203644,30.9085049569,281.6554464884,2227.2569618741,2338.6729520644,0.0195222005
0,-69,-151,0.8246576415,82.8705451685,2.2307676985,31.833700052,211.0658448379,2235.037372346,2339.1056793957,1.134141747181586e-06
0,-66,168,-1.7065033352,84.5941503131,1.9029505711,30.9986024998,312.9747761198,2207.2314877614,2318.308747011,0.0655053397
0,-65,5,0.5992718975,97.1277287237,2.3327493004,31.2289574833,218.1011436941,2248.380791504,2348.3570794953,5.035789527176207e-05
0,-60,-37,-0.8693595833,88.4972876043,1.8786914356,29.4140857841,307.5883633131,2207.3273575934,2323.0351339186,0.0151725136
0,-72,-78,-0.685257012,117.8765732795,3.2225909234,34.8992973316,270.9277099632,2211.2994356897,2349.0821258653,0.1579490677
0,-71,-107,0.1345778098,83.5830476775,2.2166783001,32.0504772446,207.390564925,2250.488040335,2316.7155948399,1.7070342615590454e-05
0,-61,-31,0.0003217605,101.4908518943,2.2536007625,31.8375521059,231.007449319,2246.9177180703,2344.966009985,0.0008342291
0,-66,-34,-1.5219693514,82.6164606597,2.1787303809,30.2802562245,283.9392900507,2238.3367151169,2340.951985255,0.0044276312
0,-68,-27,0.2894644744,100.896204219,2.2095506746,32.3468326521,195.252533748,2265.6292836936,2352.7506339214,0.0004109262
0,-63,22,0.6675317261,89.463378024,2.2133538147,31.5723948972,241.3134457396,2233.1404107017,2339.7162891472,9.501139585140672e-05
0,-61,2,-0.1734559305,85.037985453,2.1578041751,31.0060754144,249.5833809374,2242.241900351,2335.9763870378,0.0008364859
0,-64,-12,-0.9585255797,84.5275791829,2.2569095603,30.2055195621,264.3874114492,2237.2400810128,2328.7187170034,0.0011172615
0,-64,-5,-1.0036489627,83.7515800263,2.1431341308,28.0681562106,292.1703522997,2227.4075092177,2334.4111233442,0.0029444956
0,-68,-150,1.2703803616,87.0751445422,2.2701996317,32.3246472911,194.2055594531,2252.1422914965,2345.3599488003,2.592100158728765e-07
0,-63,115,1.1591116736,85.242156699,2.1954912881,32.6476776007,202.834344286,2243.5842164215,2335.9281187889,5.526282507143183e-05
0,-66,27,0.2484930395,85.0899660845,2.2135842947,32.8987429816,229.1534234815,2242.3961253981,2340.5802302424,0.0001838223
0,-65,-21,0.0773193167,94.0170018522,2.2536771305,34.8423815313,225.428950673,2248.3860647094,2345.0921875172,2.421346162716313e-05
0,-71,-88,-0.5397948627,79.6821839845,2.2794028662,31.5003492532,224.8780425321,2250.0028528755,2321.7290577866,0.0071115862
0,-55,15,0.3422886012,88.9758064187,2.2657459981,32.2597187435,209.5584808551,2233.6007422529,2339.5741790582,0.0002200238
0,-65,-26,-0.233879979,94.2359708466,2.1456419474,31.5707152974,219.7093696229,2254.939602354,2348.670385143,0.0050291252
0,-74,-138,-1.488421287,83.2865881812,2.287636761,28.6126146591,297.3193967477,2189.8569826287,2306.9662921335,0.0235567292
0,-66,-39,-1.3012968972,84.9761719768,2.1427947004,30.2605432028,243.7161728215,2238.7588550878,2341.9918456929,0.0794249851
0,-58,-7,0.6115486758,80.1501314756,2.199971967,30.6434026672,223.9739510515,2240.7106120884,2332.8758146122,0.0017023308
0,-72,-76,-0.700810005,102.2285460234,2.1136596194,30.3331546783,215.6140289158,2238.0028193606,2320.4507483745,2.879130280664433e-09
0,-72,-76,-1.4749100207,88.1075897226,1.8603394032,25.2483253479,267.2484433651,2192.6272234522,2272.0712901829,0.0003728495
0,-71,-24,-0.0946638749,94.4896599563,2.2165910107,31.8365444073,216.7787491284,2241.7312100844,2348.469984936,2.803443179836108e-07
0,-67,-40,-1.1428197253,92.3441064494,2.212271091,31.1166757709,241.5041128102,2241.1354164261,2343.4393915288,0.0010537125
0,-59,23,0.4676478503,82.0134564161,2.2014141157,31.9096218021,251.7998576572,2231.4256336403,2336.8353921051,2.5611556979091852e-05
0,-74,-116,-0.9285100026,81.7970199585,1.6149453502,21.4833239317,305.3083496094,2160.4483411145,2300.8189923431,20.045814426
0,-66,-5,0.7034916741,97.0865285374,2.2307818578,31.7049319482,210.7723757408,2247.5958014822,2342.024343783,0.0001520684
0,-65,70,-0.3237973931,79.6980941299,2.329402903,32.6914710826,197.3990763066,2248.0795466634,2321.5036096046,0.0005086711
0,-63,156,1.2897992001,75.2555446258,2.1226036765,32.0627191047,207.7637836907,2262.907968969,2341.1477555753,2.1998207558003797e-07
0,-69,-76,0.6734452822,107.4148264829,2.3247505308,37.0796192114,155.9740336901,2260.3387776557,2343.5249932122,0.0010555427
0,-69,-44,-1.7487063898,85.8360189051,2.1335996423,28.9689998249,272.0251670718,2225.6031405195,2337.6153101984,0.0583373229
0,-68,-146,0.6561780074,81.6340325426,2.2850122812,32.7240685675,207.3287416419,2250.2539973614,2336.2190388234,1.895538375028786e-05
0,-64,15,0.9751714699,98.8122830211,2.2913201254,32.6639311045,219.4558028177,2255.1918581732,2347.7546218154,5.709890182682845e-06
0,-62,-41,-0.5773984252,97.5184265343,2.2156314572,31.2949414843,254.0272909054,2236.73781216,2341.2642094087,0.0218368681
0,-74,-29,-1.3198949228,96.2194609063,2.1718716703,34.5273500081,199.7976255904,2259.3547155456,2344.2750254141,4.2498361083720545e-08
0,-73,-175,-0.3478818704,83.8460274144,2.2502302735,32.5513988717,224.5111013682,2238.3999121857,2335.724467071,7.931921423137427e-06
0,-70,-78,-0.0746105213,93.0598189603,2.3303448436,32.9469786117,184.7795660425,2274.7722772911,2327.7480520008,0.0259178914
0,-71,-121,-0.4538411043,82.661004234,2.2703993111,31.3612257268,231.3320160381,2238.8001916427,2319.2918580953,3.131145199078328e-05
0,-67,-167,0.9677639926,90.1771020795,2.2493943416,32.2622419924,196.9444500992,2230.4317670057,2338.3457946051,7.177443715477076e-06
0,-61,-35,-0.7582331317,82.9807350507,1.924487432,28.1281244922,282.0760755632,2222.1053831066,2331.6277157908,0.0001861064
0,-67,174,1.053633498,96.7543365772,2.2102800489,33.2124099469,184.4675333205,2256.9149507898,2344.8640292681,1.0271189496809314e-06
0,-68,-162,0.7703484218,93.131773434,2.1748154511,31.6808726138,207.0087667772,2247.7404391176,2339.5156916876,1.8107349432420155e-05
0,-65,-53,-1.0074928632,82.5886328174,2.0861356816,29.2063606866,260.9221453687,2231.686590754,2339.1619377822,0.0060461818
0,-64,57,0.7048711904,80.9897662309,2.3454007851,33.6106850634,203.0552930676,2246.6152365213,2331.2829959312,1.4088669291410604e-05
0,-56,8,0.3558611022,97.362116941,2.3049474726,32.9416372114,239.2629855686,2237.6164695194,2343.8692235556,0.0001100288
0,-64,-159,0.6108473542,81.3292471282,2.1903296925,32.5178590936,255.3919480131,2222.7389152547,2334.2986283175,9.151916485717502e-05
0,-64,-25,-1.348519116,93.9544327366,2.1766646183,29.5145044501,286.5646337834,2229.5249992204,2340.3528618403,0.0147652
0,-64,-48,-0.5430327053,82.054418487,1.504211573,25.5279263303,346.85210054,2164.6256383646,2307.9222599865,10.3378934452
0,-65,-38,-1.340277902,96.2201164172,2.137472321,31.578649805,255.3087750965,2235.1170767926,2339.4446788115,1.301976716207775e-06
0,-60,105,1.5669376679,74.163015463,2.3300936507,33.7372707763,194.6786204537,2252.1094797723,2329.5890391874,1.3667063236789064e-06
0,-60,-28,-0.0401635074,87.8997720146,1.9648806085,32.8100003282,246.5360762171,2238.7095179942,2339.2225518787,0.0058703609
0,-65,159,-0.0430338409,82.1869418638,2.0585141529,32.1067902377,235.9752500117,2238.8015817547,2333.4654564344,0.0068781908
0,-73,-130,-1.4678250031,80.4034235291,1.4393870068,28.1520134349,324.6189473896,2165.1408511086,2291.6539896847,0.4579989866
0,-62,-43,-0.7968837067,87.8833349472,2.0416888553,30.6210266981,290.6194760222,2219.0414119094,2332.4716427399,0.0866680926
0,-71,-81,-0.4113877316,86.3840902991,2.2670679092,32.6902711655,200.0879141323,2270.5973545792,2315.5916256405,0.0045716198
0,-65,-33,0.1240005893,102.9593239147,2.2399494975,32.6603336066,193.8428413335,2268.0742565534,2354.0241142938,6.363148379695753e-07
0,-59,-1,0.3278352035,101.7816642854,2.3187488582,33.5197845259,223.4807116297,2244.3216555802,2338.8184490498,1.1521784602670029e-05
0,-64,-65,0.7426215856,80.9975884371,2.3179581473,28.5074311493,231.40056168,2236.0599838254,2338.4848548532,0.002465802
0,-69,-178,0.789611434,80.0744234286,2.0995364793,31.3919440147,215.7099836042,2244.4696541381,2339.2660631666,2.851183838476097e-05
0,-62,154,1.0675682554,71.732746945,2.2943191851,33.1871157936,201.9578284387,2230.8644685013,2323.0563848807,0.0015112292
0,-61,93,1.0422495912,79.0856980447,2.2303771151,32.7471697308,202.4958572918,2242.1128565941,2324.8843929997,4.234689473810956e-06
0,-68,-44,-1.0208812648,92.5743840154,2.185365896,29.3923295547,247.1428088489,2238.9246357156,2345.3528938535,0.0005862135
0,-68,-41,-0.5129527213,100.3252749125,2.2858641829,31.8802147621,221.3050463173,2247.94298595,2346.591894053,0.0001959742
0,-70,-46,-0.9164603977,92.0131013903,2.2481343805,27.4992914923,249.4811601114,2232.3276946275,2346.292671174,1.3883212114251396e-05
0,-66,18,-0.860422778,83.2428856861,1.9988271914,28.7220131356,280.2235443381,2223.7567732389,2332.1079808498,0.001424376
0,-64,-154,0.9241195161,82.7922030696,2.2434347044,32.0086582534,219.142112635,2223.8329200007,2338.1821260452,8.10547861193086e-06
0,-62,152,1.3180465109,86.3764005165,2.440675949,32.8402814985,211.6909796692,2223.2933097486,2325.5929720929,0.0001089236
0,-62,-149,-0.6611568985,88.0725135686,2.1276737993,30.3911219389,285.8054391634,2215.6555199293,2326.7898211623,0.0489082595
0,-62,-13,0.1992646478,97.0337083858,2.2284958541,30.2753931462,222.6242729503,2255.817964315,2345.8049776761,2.5302369821717005e-05
0,-74,-30,-1.867555156,83.386257529,1.9459602773,32.2234849294,318.3978194384,2183.5972489429,2325.6202291602,0.0116467293
0,-62,74,1.4355030012,78.8332293855,2.3074303025,33.7643370198,196.382296024,2253.224094982,2328.078519671,5.498720719943117e-05
0,-57,-5,0.3294484648,91.1151092226,2.2731492151,33.9968211116,230.2395785753,2238.6007057715,2330.8822903016,5.7906303615582455e-05
0,-67,-172,0.8075592035,84.012981973,2.1695025464,32.2131189234,210.0195884247,2242.9827219904,2335.4370834809,0.0001461714
0,-70,-43,-1.6860407545,83.8852144163,1.9885902085,25.429711856,312.0870780365,2201.534952752,2330.2517288875,0.7141573743
0,-67,-5,-0.1189918543,82.0501324351,2.1894065403,30.9778908618,221.0162734419,2246.6821379968,2338.554699832,0.0446769836
0,-65,54,0.2434161506,85.6449988319,2.0502304071,32.3506084005,201.9385767677,2253.5708967971,2335.761730242,0.0003006183
0,-57,-4,0.4496225601,92.2914726275,2.303016363,33.3587600987,231.2924713338,2235.4091859164,2330.7598982091,0.0047098745
0,-72,-127,-1.3720142939,87.7591352178,2.2388139505,31.5395087032,274.2799915074,2216.6696501119,2308.9485360389,0.0194131128
0,-61,-151,1.2880772235,90.8948146288,2.2888647701,33.1239523463,203.5359180875,2222.7252360377,2331.4332178454,0.0001877432
0,-64,162,-0.2976495091,83.8894391316,2.1959649318,31.8622302031,233.3521722745,2226.6042141195,2324.6714703953,0.0036674586
0,-67,159,-0.1746012554,82.0232963963,2.1354393138,31.1020304315,242.5090054495,2237.5471538188,2327.5835739222,7.54462884677628e-08
0,-63,5,0.4165457383,96.6402306563,2.2114795184,31.6741767533,208.7376512774,2253.0639366876,2346.8698516431,0.0001151179
0,-63,1,-0.6489716545,83.3691715486,2.0977678386,30.0786551881,258.3699541345,2232.3738219691,2333.4421441831,0.0015001438
0,-64,31,0.8882124268,87.9568525054,2.1395658327,32.4720914114,209.3790399533,2243.2284912625,2341.060135163,1.310477492343223e-05
0,-71,-21,-0.4165458587,93.5040320556,2.1867153674,32.1542197625,219.2680304379,2249.7300543257,2345.5024841772,0.0057444518
0,-60,109,1.3503005582,69.605322574,2.2914466948,32.8162418729,189.7277007993,2245.0441188739,2325.6269292162,0.0001147633
0,-66,-178,1.5493063156,74.1206423013,2.1567421257,32.4174742102,201.3392679301,2228.7974589602,2334.8911881199,6.63154601724231e-07
0,-72,-27,-1.7660756353,84.000652222,1.9352787231,32.540883621,304.5961218988,2202.0402748385,2329.4813855488,0.0249798836
0,-67,0,0.7588421175,99.9775857513,2.2682517605,32.5454412462,210.397171525,2248.1574891688,2350.6111260799,7.575505941024293e-05
0,-70,-167,0.9734834821,81.9113436542,2.2601678967,32.2147195132,201.0767765964,2245.2384329078,2341.6081373803,1.9568924529514666e-06
0,-67,63,-0.5177600081,90.3480952233,2.2889348277,34.0676231422,180.8690872118,2264.522882971,2339.7112436037,0.0192590874
0,-63,-54,-1.554515968,88.9439608773,2.2148679085,32.857195009,290.7909538289,2223.6910074106,2335.1062267775,0.0002115732
0,-67,177,1.1582528716,88.0204954365,2.2730720054,33.0873242013,193.7625433028,2245.9605501163,2334.9998875019,2.8165985879674966e-06
0,-65,111,-1.2193575434,83.169173263,2.1969892747,31.3388996546,251.4264943424,2227.4593772953,2330.1524089348,0.0309720009
0,-68,-38,-0.5828512202,93.8965923541,2.2367901763,30.2627609513,246.0602847738,2240.7481951778,2345.6988620921,5.087828888480522e-05
0,-66,33,-0.0619087043,82.1629470867,2.1726723214,32.230349253,245.6724807363,2236.4482781065,2337.0628556674,0.0025503518
0,-59,11,-0.057184846,84.2463585623,2.0929691369,31.3683961486,267.9762536401,2239.8574073111,2340.1465550751,0.0003886401
0,-65,1,0.1131846711,90.4630188842,2.1615410223,31.392333121,225.3454328074,2238.8008751534,2344.6996776798,7.090470257915922e-05
0,-55,10,0.1006657273,86.2246390498,2.3377904105,31.5925960562,222.1731172804,2250.5058094574,2330.3568445985,0.000510123
0,-66,-164,0.6873459731,85.5476556527,2.223469622,32.1293225601,220.9350395587,2216.7130391349,2335.2705015278,3.26008297546229e-05
0,-60,-6,-0.8838599597,68.1903574412,1.8699996969,25.8269425368,360.796302452,2169.987992517,2304.298187704,85.2223153077
0,-63,-4,-0.779229103,85.0901324525,2.0585973258,31.0350766644,271.5975520388,2229.1667424101,2334.2766672662,0.0014581199
0,-60,-35,0.0095280652,90.4807199892,2.2184323976,31.2098914044,238.6721474783,2240.774215583,2339.006631323,1.3266605613111638e-06
0,-71,-28,-0.3658913687,98.1605991922,2.2044426152,32.7516453954,208.4465387995,2254.9385015102,2347.8163000866,6.301698683531835e-06
0,-60,-53,0.1895575019,84.857677358,1.9436772847,27.4261708548,273.1534079834,2223.6058658885,2331.7671697763,0.0025031317
0,-66,121,-1.4600787251,91.238095416,2.2506540721,32.0308533437,244.1706139539,2233.8165323821,2330.5010475187,8.86765271094627e-05
0,-63,-33,-0.4795804758,105.2478905856,2.1465158848,31.806022102,248.2487237485,2241.4236388442,2345.3787291607,0.0119996371
0,-58,-35,0.3144335743,82.1584648663,1.9441345129,28.3612202747,263.2127138757,2221.9627522953,2331.4803696536,0.000308744
0,-59,3,-0.6924389988,85.5283923701,2.2405580938,31.0664353982,258.7195631406,2235.7308941751,2337.6889721515,0.0234025011
0,-64,76,0.728613768,74.9157662888,2.2370075173,34.1199613975,208.7183820909,2253.0696396032,2329.603580699,4.501937291195205e-05
0,-60,-45,-0.1766679483,92.7004443401,2.1494061682,32.1005950067,249.4602920718,2231.7360833705,2333.6372240134,0.0004399397
0,-72,-21,-1.739247191,82.1538991304,2.1733887152,30.8296096135,262.1823810684,2223.2603677995,2335.1994388034,0.5780203327
0,-60,-30,-0.3942209561,82.4061819134,2.0856331003,30.6564469231,266.0796232058,2226.5131145231,2330.8681588075,0.0047170823
0,-62,-43,-1.403371732,84.3248352787,2.0407780558,29.8701249285,279.5876032137,2221.0059617434,2329.597077511,0.0007934026
0,-64,66,0.2460924431,77.2701111435,2.4252990136,33.2320954079,195.0606440365,2249.8448378883,2321.4517388528,0.0035363953
0,-59,-4,-0.2156890412,97.9707306165,2.1124067878,30.7400803026,262.2652714584,2233.5575501611,2337.0947537636,0.0023873719
0,-74,-118,-1.4168100355,93.8780975416,1.9959503431,24.8282651976,269.3867644966,2214.2954738615,2307.5071536441,0.000879978
0,-72,-109,-0.6255175225,80.3672821222,2.326717512,32.6092127374,210.8837480351,2255.017635693,2305.3078301898,0.0412469499
0,-64,68,0.3901020362,80.9042204413,2.4183110883,33.3578124904,186.8685339621,2251.4789283994,2321.7998039782,0.0009063191
0,-60,153,1.4712711006,73.29341117,2.3586860922,34.2710604911,202.0112112238,2241.4172734057,2327.0680209804,0.0001502708
0,-59,79,1.6026048239,79.5530068918,2.4977059594,33.2961996509,194.8232512309,2244.8385380421,2334.3624091046,1.3935446005908176e-05
0,-69,-151,0.588438023,81.2783801659,2.2196746956,31.6303809236,219.2545625376,2229.3777915214,2337.1818922703,2.484524028494424e-06
0,-67,1,-0.2152055174,89.1806668775,2.2129943591,31.7251646211,249.1112758,2231.4422574116,2341.7987762244,0.0054691661
0,-64,152,1.5059732987,80.1386036566,2.2499578752,32.96736404,190.7983047114,2233.147460282,2332.8922948981,2.8445772930528703e-05
0,-66,-8,0.5714081438,90.9968667802,2.2395035093,31.3655001753,223.084294544,2243.6598074544,2339.836595714,0.0026710971
0,-58,13,-0.1167447842,100.4982676109,2.2409070724,33.714506112,218.6405228781,2248.8096082748,2341.6991269536,0.0009014134
0,-66,25,0.2084235203,111.9224170555,2.1107398762,31.9674590178,205.6304566669,2255.3021415399,2339.3998901142,0.0001581928
0,-69,24,-0.6498398713,97.8494158945,2.0343886334,30.6733847425,224.6820729399,2247.2800826823,2338.5531078212,0.0343375648
0,-59,-16,-0.4336450414,84.8473476352,1.9445765817,32.0098770247,269.6872452692,2226.3316472398,2323.2972459518,0.0047888177
0,-69,-22,-0.1339451846,91.3271632107,2.1714486944,31.773658686,219.7185908169,2251.881586687,2346.450741633,0.0118019087
0,-66,-18,0.2411357005,102.3373261759,2.2835213544,33.2767488544,216.9516347892,2256.4826723096,2345.7446846806,5.235382873951308e-06
0,-65,-23,-1.4478453064,83.0175915619,1.9736104385,28.2468983781,316.7109164218,2213.2759696868,2332.9858643339,0.2132258592
0,-62,-28,-0.1098872861,107.5461880413,2.2328454649,31.7249780358,236.6497152836,2248.1109541324,2346.7684833593,0.0166980702
0,-70,-80,-1.4439526811,94.0388317667,2.252087912,28.3585960179,289.7440902649,2206.2559951334,2313.2291245413,33.1305516711
0,-65,12,-0.6242201841,85.1971866034,2.0867277275,29.4496115068,261.0099847158,2229.7462886636,2334.1894113323,0.031865467
0,-63,155,1.1171285562,77.9377745986,2.2984386282,33.3093681454,198.7757535469,2250.4538082168,2337.2116228538,0.0148437467
0,-65,163,0.5547853925,89.6176955279,2.1960763163,32.7716791805,221.5315788389,2244.5887573239,2339.229659174,0.0078034982
0,-62,112,1.0994565241,73.8017238763,2.294790259,33.1188606301,207.3834612878,2240.7328259688,2328.0356794088,8.909823604291541e-06
0,-64,-44,-1.1437928618,88.3371683683,2.165386144,31.375798115,267.8881063724,2229.3591127724,2339.6074744661,0.0313480942
0,-73,-122,-1.5303600431,93.1648484394,2.1747395989,31.6230783649,284.9960021824,2217.1783675802,2317.7328396377,4.653141007575778e-07
0,-64,160,0.860424486,83.1468568678,2.2290550948,35.0516229369,223.461765733,2234.5165339941,2329.2799711009,0.0005881227
0,-62,152,1.6764553274,73.9983139975,2.3891382827,33.9616785513,186.6530893202,2251.2768128125,2338.8105288536,0.0020634736
0,-76,-28,-1.8796049953,66.8636551127,1.6491022669,32.4348240048,403.1742706895,2152.0535277704,2356.4026300196,0.000872192
0,-66,16,0.5400717545,87.1017476015,2.3949686529,31.0831502999,210.5035835949,2252.7926579741,2347.3341232762,0.0025481913
0,-72,-20,-1.385118053,82.928089334,2.1548923228,29.5865400779,280.3814295145,2233.6724218955,2337.9472073621,0.0222070203
0,-69,-74,-1.0347665127,83.4472768306,2.2619555207,31.9005387702,242.7885197731,2231.9192176586,2317.9128567758,0.0188240478
0,-64,29,1.1686231909,85.3680095822,2.2325744063,32.269314749,230.6362531959,2234.3868148934,2342.871115248,8.693685416251553e-06
0,-67,11,-0.355244856,85.9067338359,2.1876124083,32.0017199576,245.3111865615,2236.6759259277,2338.016492776,9.978837027706736e-05
0,-66,2,-0.5512043655,88.383380582,2.2003348719,31.6113746616,241.1902442656,2244.1694421206,2337.6486256676,0.0054810952
0,-62,140,1.5880112965,69.625108211,2.3447091947,34.32817177,193.2514835825,2235.0485214428,2319.4087690663,8.622415431882602e-05
0,-57,1,-0.5982514296,82.8711238204,2.1181314469,30.8548541606,267.5003498177,2226.0169297484,2329.9708410343,0.0008677436
0,-69,179,0.7588978607,85.8228235003,2.1176596694,31.6151448103,216.5813435475,2243.5988800022,2337.532819883,0.0031705125
0,-68,-22,0.1946462218,84.4892001371,2.1252407681,29.1082257703,264.6647704528,2228.104543712,2345.9819824506,1.4140621613400523e-09
0,-65,-22,-0.3076707818,90.7966540086,2.1693847866,31.5164926182,229.073844221,2247.4412524751,2345.3436028738,0.0054244473
0,-65,-40,-0.0770068326,100.3769415019,2.2660217426,32.515513935,199.8678348736,2262.817643567,2352.3120434191,7.903863679534728e-07
0,-63,-37,-0.7754288186,91.3371985719,2.1750400718,30.674851538,256.7875840517,2241.7214691484,2342.7578865367,0.01333007
0,-62,-43,-0.2134039663,103.6538773911,2.2111763546,33.0868011227,227.3168401402,2245.3714595088,2344.6227276197,1.6504117181652115e-06
0,-66,-25,-0.6448352462,86.2082399745,2.1327142979,30.9912457422,238.5342475513,2246.5015318404,2344.6880199766,0.043759033
0,-63,69,1.1170982788,77.2919884635,2.391674779,34.3718094309,196.4580549279,2248.1453438714,2333.2758360884,0.0001194426
0,-59,81,1.42426778,80.5279102268,2.4722559172,32.6583361709,198.4083098562,2247.0116136656,2332.4477222719,4.619635864719954e-05
0,-65,5,-0.0005922773,95.3080076804,2.205427001,32.7671817094,211.7434761729,2254.7967224055,2343.892425065,9.79289887663024e-05
0,-70,-36,-0.632099405,91.9727286982,2.25075639,31.12590233,248.8907787531,2235.8072820883,2344.4938555419,0.0004858926
0,-62,47,0.937127357,84.3372962549,2.3389880116,33.5116195881,187.4642589087,2253.8945028589,2330.7728554539,3.524415664103714e-05
0,-65,-40,-1.2371467304,83.180980242,1.8212297745,26.8481197497,325.3161924331,2203.3101715801,2332.0302637615,0.7654647563
0,-64,30,0.5540886646,84.9278956337,2.273024421,33.0862677765,224.2675483756,2241.9435317857,2337.1624757621,0.000263198
0,-58,18,-0.5314619293,84.6247999782,2.0875445791,30.0404637021,286.1372673893,2213.0144503943,2330.7929505168,0.0020950618
0,-62,-33,-0.4858945862,74.3545480211,1.8332786589,24.3714851307,346.5296653692,2157.9376470166,2300.150281546,72.4671139014
0,-56,7,0.2350639425,93.7129038621,2.3381513694,33.3870771378,266.6337380612,2227.9306246572,2337.5165230033,6.719426346160856e-05
0,-59,-29,-0.1544561401,93.6658904037,2.072911852,30.5582874684,268.9168146565,2244.8487254413,2336.9406411048,8.25898843788098e-06
0,-62,-39,-0.4148023766,91.8665828217,2.0485991717,30.8721629883,241.3162794698,2242.6314713465,2345.2224562816,2.2443994281248434e-06
0,-66,23,0.9236941289,87.136290639,2.2586515444,33.0698641994,204.3687735695,2251.4307250673,2346.4955317402,0.0029897491
0,-64,65,1.0575946827,79.2151946526,2.3232988617,33.5643962629,212.9518250851,2248.3346535804,2339.4679916006,0.0011157056
0,-64,1,0.6913529359,96.3661190587,2.2570742837,32.3977862759,199.5900591845,2249.489120079,2345.0308942058,4.243487656522333e-05
0,-62,9,0.6138544982,107.0352921796,2.3599533871,32.4827211121,205.3348162559,2255.9176308521,2343.6992912609,5.622112370566558e-05
0,-66,115,-0.4413100176,83.0248832032,1.9097620867,31.0837116195,248.4915009104,2226.8146152706,2331.4406975353,0.0001810282
0,-72,-113,-0.6776961966,80.9662177004,2.2722720306,31.3065582177,207.1982656886,2247.6744827532,2306.645230449,0.0155814761
0,-63,-40,-1.4611632421,86.5451974876,1.9932791167,29.1909863181,278.9008472658,2222.5772349295,2331.7019720679,0.0021524843
0,-68,-177,0.7624555653,84.5806557488,2.1573904944,33.0851027029,208.2372059105,2235.8169248131,2341.4700388183,0.0210795326
0,-63,-57,-0.4431100171,85.8241233118,2.1775726079,29.0859060213,293.7060395479,2224.0279059157,2338.5624281456,0.0001491138
0,-59,-37,0.5992056448,89.5553572598,2.436248286,35.3194023312,234.5318808378,2236.7755038971,2338.2788067577,0.0010239214
0,-59,11,0.0800979256,98.0417230667,1.8934606775,33.2674370493,220.8006499155,2253.2794155933,2347.4925561166,5.769323903788255e-05
0,-65,35,0.4059165147,83.9757859439,2.2076595623,31.6852758793,221.4744801966,2240.6242172889,2336.5192004481,0.0002252738
0,-64,13,0.8333997779,111.2699491206,2.3097838136,33.4344420327,196.7774534969,2253.8946091752,2345.5285380474,7.362479970149e-05
0,-65,165,0.8255212467,86.8780344928,1.8522620324,30.8122300055,243.533460651,2236.82838839,2339.1718375621,0.001743263
0,-63,164,1.0931732004,84.144521719,2.130826111,31.9621488488,203.629829588,2228.4478112932,2327.7200210096,1.2452439523867507e-05
0,-68,-4,0.0016731401,82.9991260078,2.1707898929,31.2459862356,241.9170407109,2236.5984068239,2341.0666885852,0.0001081738
0,-73,-29,-1.1477188995,90.5859487906,2.1610596029,32.5105211163,244.8794915228,2228.2490768351,2340.0038045758,6.921369886721339e-11
0,-64,-33,-0.3660166955,107.1314650297,2.2865519929,33.492474558,218.7167304537,2257.866364232,2348.5209283505,9.088559058264056e-11
0,-68,-68,-0.9593600035,86.5516089499,1.4373357277,23.8533611149,232.1799776554,2179.2530637798,2275.9150243724,0.262309611
0,-60,-35,0.238104901,86.794643303,1.7840459259,30.6062378109,228.7348909042,2242.9236148954,2339.7822356558,8.158485924563139e-06
0,-70,-27,-0.1259743789,98.4644074025,2.2755810758,32.6918271645,218.9494915105,2244.8059404984,2345.0339584428,0.000235337
0,-60,-51,-0.3254474309,82.3378457357,2.1220997573,31.2615229704,266.60338698,2225.0742466808,2329.8029605256,0.0003246284
0,-68,-28,-1.5920029301,90.8387852051,2.083410122,29.5800384535,292.2478806963,2220.6546145966,2338.3487474123,0.064009339
0,-65,-41,-0.7180136642,102.5921384538,2.2403628519,33.0596631718,249.2913625486,2239.4085237516,2344.8084029294,0.0033018317
0,-35,-73,10.5302627616,28.8747804617,3.7163040815,38.9483218833,28.9632221471,2241.852725084,2277.1769091148,3.672607466684943e-06
0,-65,1,-0.8487791632,84.6422421583,2.1762083635,30.6664655287,262.0397390568,2239.7418197541,2334.9663985616,0.0061330959
0,-61,-18,-0.3531136031,91.6847656766,1.9273111531,32.0344861576,278.809089,2232.1885437585,2332.7033160784,0.0001983135
0,-63,77,1.3207790212,80.383733799,2.4119468229,34.1089325341,188.2366455675,2254.7684962785,2338.3423750258,0.0010480484
0,-66,-155,1.2701496558,76.2240412525,2.1926320352,32.6292480223,193.6033004437,2238.7124178168,2349.3124947005,5.021703133199582e-06
0,-60,-1,-1.1233493461,82.8124739711,2.0706176758,29.9887612971,293.455307449,2221.7088812048,2330.6716958706,0.0037546965
0,-61,-20,-0.3331911629,96.2140681956,2.2529929317,32.3242795806,227.8845448051,2243.2671609474,2334.9582340103,1.1578389154840873e-05
0,-63,-45,-1.416621094,86.2080534157,2.1246413538,29.8746804676,291.1936957929,2221.8724298468,2334.2136804994,0.0120876003
0,-69,-75,-0.3078913465,93.6147984895,2.3309688452,32.9776802324,211.1374851881,2249.5058758819,2332.6609888706,5.435504673878058e-07
0,-65,-3,0.666223275,99.0235394889,2.293417831,33.3077985433,194.0285574347,2261.9340397912,2349.0238844906,1.45715003248258e-05
0,-35,-74,10.3655213943,19.3293328754,2.5787999877,29.5476014174,45.061673117,2245.2052608089,2275.3243406883,6.0013416411858486e-06
0,-61,-37,-0.2610659634,90.3642666319,2.0287168258,33.298856594,246.7806638528,2237.5605528329,2338.2651769613,1.709779862480743e-05
0,-66,-37,-1.7233470813,90.3505559856,1.9566740016,28.5048402119,311.0209254513,2214.1260948735,2335.6316429001,0.2023520956
0,-60,-32,-1.4695046598,83.5863443167,1.8994622202,21.6903212034,353.0061301308,2200.8612319667,2318.7098051624,72.1770013282
0,-68,-16,-1.1710153319,84.9318565015,2.1408549381,30.9356846925,266.4837972255,2234.0204281346,2336.2474834305,0.0127317118
0,-64,37,0.9358988773,84.0943116016,2.2363365298,32.6613831892,223.1360184173,2239.8990141158,2336.7332275234,0.0001991677
0,-62,130,1.5607916562,74.7403889947,2.4890518705,33.7696833332,180.4527427925,2245.0219097848,2322.1531157655,4.867398990725377e-07
0,-72,-78,-0.0984100131,104.019031534,2.2886910448,31.7266015895,246.7672269195,2227.9512736707,2331.2682857426,3.3363539115640275e-08
0,-62,31,0.9064115141,83.8935916086,2.2665257058,32.0191183072,245.9627725858,2226.5849967425,2330.7260907264,0.000164148
0,-68,-23,0.0020360387,92.0579934799,2.1935135373,32.0131031217,241.9305272136,2263.3798732911,2347.4678974912,0.000868097
0,-70,-42,-1.1613516015,89.202237623,2.2090744304,26.4004648066,274.7562267918,2223.2201448134,2339.9055247672,0.001890677
0,-72,-18,-0.3236300182,90.7292694151,2.2335569619,31.6369741438,220.6341780424,2247.5190793404,2344.2339976578,0.0141045366
0,-64,146,1.0248822403,76.1727209964,2.2781015629,33.1810713979,212.21751814,2224.6006118407,2330.7140166379,3.1486058484527296e-05
0,-67,-18,-0.4770142044,95.7324215384,2.2398639263,32.3359361356,230.9233527747,2249.7083109856,2341.5142465505,0.0004011579
0,-63,-14,-0.2039632983,96.1748009893,2.1512479075,31.8888962757,211.4988768223,2253.5154270226,2343.8627381428,0.0017826666
0,-61,21,0.5538870368,88.3407311371,2.0995015092,31.9279014611,227.7435614819,2243.3972348144,2343.1472457277,1.7573177640378304e-05
0,-74,-28,-1.2514790937,65.8867919881,1.6771669,14.9870529574,333.6064879771,2184.6748937855,2333.7973033655,92.6127920556
0,-62,102,0.5964872899,78.104680495,1.9809404207,32.8490620068,226.5716747617,2241.1172715908,2331.108799693,0.0046033607
0,-73,-150,0.1616297805,78.4172991892,2.2126634498,31.7013329561,222.3870614719,2231.5856741637,2331.3158428802,1.2779282595642697e-05
0,-65,61,-0.4602203427,78.9279306222,2.2952825785,34.3154917752,202.9325026259,2251.405940601,2326.2310761428,6.945064792312637e-06
0,-64,161,0.7410076093,85.5560751307,2.2351607155,33.0187103464,218.5998880718,2243.6479584165,2337.9363698579,0.0031743213
0,-72,-123,-0.3835595617,92.5734879776,2.276359741,31.9560041414,196.4366725983,2263.5111721223,2319.6223055025,0.0125817998
0,-64,1,0.564316986,104.4413274855,2.2055864605,34.0897774055,212.9393181615,2250.2624255159,2348.9961557582,4.125129799363963e-05
0,-34,-73,10.2215999609,22.0653123149,2.8525033385,29.7447658137,15.0792099577,2270.0974056121,2283.6240983432,3.513838364231684e-06
0,-67,19,0.6023613054,115.3837052799,2.1027417849,31.2841320024,201.7266079404,2256.8646050032,2347.5702736597,0.0015329126
0,-61,-18,0.2433371397,79.4189776873,2.478209379,33.9523223296,216.8434490032,2244.1017280069,2336.2947267742,2.927822440368271e-05
0,-57,-9,0.4195196542,86.4302948798,2.2508274051,33.674614813,273.2307290633,2229.5688977965,2324.0364850184,0.000219
0,-65,34,0.5373704315,80.694612964,2.1941802198,31.8827247713,242.6425747556,2229.9931148784,2346.3338816788,2.1950860419717803e-05
0,-63,157,1.3825088259,82.4504285726,2.3032267255,33.3931355929,197.1565559734,2249.0767963476,2339.6662523367,0.0143307449
0,-63,-25,0.171960534,99.5295756627,2.1679668848,32.7076511235,220.5350464637,2252.5907853772,2347.520728645,0.0002543029
0,-66,23,0.8113177505,90.9589817854,2.2882232234,32.6563665799,198.5358777073,2255.7434334597,2345.7469748778,0.002678134
0,-60,81,1.1275227887,77.7312703545,2.3550928557,34.0714133623,198.9399750987,2248.0849705892,2327.9998220052,0.0150554702
0,-66,155,0.2294746189,84.4329584494,2.1693354963,32.397159915,234.7898547834,2243.2439177845,2340.4726393226,5.83358129222994e-06
0,-59,-28,-0.2593872329,86.6403504611,1.9107085268,32.412629183,252.2650080139,2233.7025277969,2332.9796372736,0.0001123089
0,-64,-20,-0.1501764548,88.0003235744,2.2648361584,35.1681589831,241.6766511722,2240.8513019858,2341.5051118316,0.0002206618
0,-67,-137,1.318770327,82.4811364241,2.4254380093,34.1444020177,166.1572231381,2271.8906923239,2333.5645070462,2.11355835402518e-06
0,-64,-27,-0.1673154209,101.5128237309,2.1257255225,31.7815171103,217.0700333018,2255.8498348877,2347.9668620168,6.140499043638222e-07
0,-62,-58,-0.532820433,82.9771134594,2.1263747307,29.6604867087,284.3479555262,2225.3318314763,2334.2187940918,8.540124334453458e-05
0,-70,-104,-0.0248786866,82.469846652,2.2637134907,31.9154373042,206.2394917848,2241.686580942,2329.7440234581,2.614999556777494e-07
0,-62,-44,-1.2645706095,82.3229957801,1.8890128837,27.0155528358,333.4981936255,2204.1411534849,2327.8540566836,4.4634841764
0,-63,56,0.8603286302,76.5133774424,2.3187415468,34.2076170247,208.922479504,2242.3375227847,2327.5651127465,0.0037366531
0,-66,-68,1.1223463155,95.3928357802,2.2823337951,39.2902840451,197.5528824739,2239.5420749862,2346.628094931,1.8275017761985936e-06
0,-65,162,0.2460876524,86.7034667927,2.1921160837,32.5340997274,231.3323253283,2241.3108150891,2336.7917747917,0.0114732571
0,-74,-30,-1.3142812765,66.3205700889,1.7269611495,15.4166043388,332.1189627702,2183.9746367375,2335.1209448984,109.4891464159
0,-69,6,-0.2313201047,90.7679836827,2.1856630546,31.1134914752,230.2486670944,2240.5872095427,2343.2201201549,0.0271223042
0,-71,-121,-0.6157661143,80.9782041179,2.2608454533,31.2537994711,240.9953306921,2234.208739573,2316.5364051544,8.569783515399182e-05
0,-58,16,-0.3574655156,89.0083034921,2.2044356528,31.639314124,265.6189192612,2232.5275776414,2339.1507760571,0.0010625188
0,-58,19,0.5280466899,98.0766808544,2.1993772986,31.8116121302,245.5016250437,2237.1434172302,2345.6446527983,0.0002648678
0,-59,77,1.6468892956,77.216252933,2.2898543801,34.2221658373,190.1954928892,2247.8238731636,2331.2937315186,4.16158308749124e-06
0,-64,-22,-0.4092030627,92.3185709831,2.1651996902,31.6221874238,233.9914592805,2243.3591396416,2344.0215908696,0.0129258672
0,-64,46,0.8367286439,84.5278661703,2.3988679273,29.8514342521,206.9944108554,2245.1414937911,2336.0332448267,8.891810715378486e-05
0,-59,12,-1.6726612827,82.0789235077,1.7128638404,29.647099767,316.5257526671,2204.2446962117,2325.7491978868,0.0226870519
0,-58,82,1.5811102931,79.8566462692,2.2872691268,33.2544691442,190.641122861,2249.460774321,2332.8607992702,8.514929670311686e-06
0,-65,162,0.8197618015,91.0486689945,2.1848519655,32.8019249846,211.7587717784,2247.7032746028,2342.5773369866,0.0075088953
0,-64,-153,-1.7838081323,82.4563311589,1.9570416454,29.4389572455,341.2587904772,2199.0767935647,2313.2335855489,0.0239033269
0,-71,-83,-1.6742476155,94.5489420394,2.6390214386,32.8525783277,282.4871973969,2206.3234985254,2308.7611328939,0.0770364279
0,-64,25,0.4941099718,89.5885583226,2.1251543176,32.141652462,228.1674014319,2240.4817105042,2337.7455782767,4.510235139949179e-05
0,-61,-41,-0.0896406393,96.539804775,2.0585463134,32.0657159507,270.1083640998,2226.3500653834,2336.6699627211,0.0001036791
0,-67,19,0.6730198091,93.3363806719,2.032314022,32.3694506346,197.2822031343,2243.4651784066,2346.2968571236,0.0002162467
0,-66,-4,0.3375677506,91.7358772092,2.2242550504,31.9171519647,230.750792374,2236.9722889323,2340.0641468176,0.00248545
0,-69,-17,0.4050332065,90.7831986805,2.1326069769,30.1092882901,262.0635235918,2226.3000010248,2349.2355751987,7.691823732294619e-06
0,-62,129,1.723035852,73.7556111383,2.2917035728,34.9444664617,196.1376560149,2231.5580388695,2323.1373329738,1.8739738021238308e-05
0,-62,54,1.3260454823,79.8159941465,2.3543530198,34.2414993589,195.3513529288,2250.8301072516,2335.1524346895,2.22045354147786e-06
0,-60,18,0.4174026154,85.515367006,2.1415555255,31.7753843391,235.6995287415,2241.1884495701,2345.0385064731,0.0010886895
0,-66,8,0.7191137972,85.480427682,2.178671228,30.8105999736,245.4767475363,2232.1709417224,2351.3273768374,1.881049324303422e-05
0,-60,7,-0.101888463,90.2411794764,2.0625546284,31.7797830377,268.0409892079,2231.3749209997,2339.1033649856,0.0003384778
0,-62,-46,-0.8434733881,87.81329959,2.1089272271,31.6886123972,270.703697927,2228.3267450821,2337.8001816134,0.0027325746
0,-66,159,-0.7743437268,81.6377504947,2.1290387306,31.3700936656,254.2977956752,2234.3578976925,2332.2324672593,0.0217535372
0,-71,-79,-1.2794360269,93.8007488693,2.5608164365,32.2350028685,283.1356473141,2212.2508516243,2319.2097657263,0.0046446017
0,-63,5,0.7092142572,101.5319906237,2.2830085249,32.6199332734,202.7412499821,2254.8864041369,2346.582311948,2.3294036526491312e-05
0,-56,19,-0.0924321093,87.0490150827,2.1170518264,31.6556913506,257.5026303421,2232.823737717,2337.5314647816,0.0001973307
0,-66,-163,0.4304383297,92.3423484997,2.2481259339,32.1038109577,222.7411559804,2241.4330851795,2336.1461142275,0.0002294814
0,-75,-137,-1.3817100525,87.4411926232,2.4894909859,26.2237205431,315.957611084,2169.9719588613,2299.7063293396,0.2765680787
0,-59,-26,0.3403412926,91.4096949621,2.2247842367,32.8545355659,223.7297691899,2244.1492011985,2338.4843892127,0.0105818458
0,-66,176,0.8263718148,79.271244022,2.1706069913,31.910176767,221.2659506751,2240.5329616472,2332.7129122417,0.0002733695
0,-70,-176,0.5920778305,80.8142690511,2.2148357728,33.2727045014,202.554579046,2241.3530661527,2341.9116000172,4.979708719674076e-06
0,-65,145,0.3407421235,81.4829067283,2.1753048171,31.3975387728,234.9359827198,2238.4431934418,2329.5409617929,0.0019845029
0,-61,-41,-0.7181710872,86.6902406317,2.1187390358,29.635120192,285.3590121471,2222.016016014,2333.0696028516,0.0219784068
0,-64,71,0.2589201979,78.6420019306,2.3678329044,34.3554052779,191.9745799802,2255.6895266821,2326.1758280847,6.21483577940974e-05
0,-64,-39,-1.4960799268,91.1920575511,1.9910531614,30.6087540862,270.9476351534,2228.4793751681,2336.3830375229,0.0002611858
0,-59,-15,-0.1567003757,85.9008378141,1.988207831,32.2073262079,256.3090350316,2234.0827002119,2326.9612459953,0.0043923709
0,-62,40,1.3006538079,85.0276175716,2.2444884838,33.1367590923,199.4263134358,2254.1358191412,2335.0724503129,2.138151409684103e-06
0,-68,174,0.9260646282,86.8958684916,2.1623257306,33.003540679,207.9807565389,2248.4896217352,2341.6262721384,0.0002815173
0,-74,-128,-1.971129,83.0416313112,2.12925515,29.0726106619,283.2345678806,2209.8754825824,2307.8001372544,0.0007877538
0,-69,-46,-1.7397496645,83.7665138847,1.7445941499,25.7478607027,325.2728135675,2164.1318182177,2300.9144980212,26.1540029205
0,-69,-48,-0.441741017,85.658568444,2.1912310655,29.1871680308,252.0930962052,2228.101927695,2345.9442102549,1.315418582614038e-06
0,-66,19,0.7565721141,101.4871408051,2.1778907934,32.7878838137,213.3325565112,2246.1646786841,2345.5630281768,4.359262936543318e-05
0,-58,-27,-0.0441293855,96.9788411213,2.1525740068,30.9688305744,254.1848684714,2247.1519756142,2335.5868667553,7.428265944705239e-06
0,-61,-10,-0.1536457263,99.7676177305,2.1858261056,32.3885467259,215.7185588667,2256.9059775593,2342.3074025559,0.000344033
0,-70,-80,-0.0368692312,79.7027229764,2.3629111353,34.7666844777,252.7696950465,2218.5647244353,2328.3100584496,7.464844769620584e-05
0,-60,-150,1.3046520967,84.8226566117,2.2799520449,33.2808530372,210.8564424123,2216.8749229395,2325.6741972122,0.0001295099
0,-71,-88,-0.2308012199,93.343392908,2.3234259697,31.8868454484,234.1870077743,2239.2281710392,2325.2734475695,0.0085945469
0,-64,-39,-0.2818962321,102.4141120259,2.2921152403,32.7745980669,225.573372689,2253.6963991176,2348.9010326755,0.002254892
0,-65,169,0.410774617,92.1270940897,2.2595711472,32.8567727007,201.218634125,2230.2378096538,2328.9381070223,0.0003205004
0,-65,-74,0.6548381279,82.4361411771,2.2881955423,33.7378707287,210.1873548527,2215.0656346995,2306.3302196966,0.0073285326
0,-63,74,0.4497397964,75.2466426866,2.3953350114,34.4703171632,202.0574007239,2249.4307337382,2321.8463311272,0.0001782044
0,-66,38,0.200619495,81.4460490814,2.1607070058,32.5945707269,260.1586956647,2222.1515782579,2341.9151033953,1.2613215301200797e-06
0,-61,80,1.5137800679,82.7969321429,2.2674224867,33.0816352277,225.8006551206,2240.8710171874,2331.7720616362,0.0001734546
0,-61,131,1.4804299312,68.1788607793,2.4113117611,33.2774650876,199.2072613854,2236.180890942,2316.0867368305,0.0001490181
0,-61,116,1.6961850264,74.0069162789,2.2548696315,33.2444813502,206.8695231136,2237.998003772,2328.028469322,3.402587817769094e-05
0,-66,-16,0.5344820886,94.7982359739,2.4282337086,31.9035961375,200.198843806,2259.0886720831,2349.501032751,2.431427206950625e-06
0,-65,8,0.8145440159,101.286685865,2.3050992515,33.6838596093,195.7358951899,2256.3885046708,2347.3935312957,1.84417527244684e-05
0,-72,-116,-1.0424146937,87.5877991288,2.3332155294,32.6449974441,220.6941014563,2247.9351103305,2305.1372906161,0.0039372912
0,-59,-3,0.3957300621,104.3615781117,2.3575404733,33.1509719417,196.705335824,2255.836292901,2340.9362805906,2.463928399468172e-06
0,-61,72,1.3493919191,74.0915993284,2.4043002536,34.4955208191,192.7715834539,2249.5619098925,2330.2305467196,0.0003742771
0,-63,15,0.5083557095,87.6821677806,2.2900014854,30.7261328927,216.9918976187,2247.9694137282,2341.7605587691,0.0050485278
0,-58,6,-1.129405532,85.0903969131,1.7872570281,30.3541582516,303.9288303598,2218.2516277878,2331.5299961149,0.0066814333
0,-64,57,0.2892416409,77.3210791452,2.2924087959,33.346716928,223.3449167876,2237.7240184541,2330.5350180236,0.0015247768
0,-66,-36,-1.3802197166,90.3983773922,2.0443630908,29.3693258132,260.631628828,2233.7397706584,2338.704910895,0.0007859144
0,-58,79,1.6576150827,78.4594533067,2.3159363461,33.9636069636,193.7152202957,2250.5460665416,2334.7859803953,0.0025220747
0,-70,171,-0.0164302891,85.2512781007,2.0738466415,31.660392015,243.3299413671,2238.5043483392,2335.1993312198,0.0001783101
0,-63,-13,0.3473492155,101.20892652,2.2231585774,32.2070936126,192.451910635,2264.2483697358,2348.4336788799,0.0004768455
0,-62,133,1.5776341801,67.5574073061,2.277541311,35.9332484733,189.6109825149,2236.4258435387,2321.0007144038,7.37996589440599e-06
0,-31,-73,10.2669638622,29.586137969,2.1998471024,28.6987753387,23.1211124002,2254.4884435935,2284.650016191,0.0071478405
0,-63,114,0.7731981058,79.1675703997,2.2174404096,32.2753307109,208.5209722126,2245.2102992808,2331.4677712213,0.0024626551
0,-65,-159,1.0645522275,88.9759736587,2.0574679842,32.7206086804,194.7381598253,2250.0659345927,2343.1927349035,1.2999243995192374e-05
0,-62,119,0.7438001566,79.6807826276,2.2635093137,32.7856581904,172.9087262394,2243.2221548065,2323.2679227175,0.0006055995
0,-63,-37,-0.6724836245,83.9436804196,2.1073737449,30.96691609,248.2692016733,2239.0825267751,2342.3352186412,5.853561790700138e-05
0,-65,154,0.8307489661,76.7294529249,2.2450886509,32.1996881844,201.3720824502,2253.6204711596,2343.192380232,0.001898999
0,-62,-37,-1.4853006435,83.4323408304,2.0786872066,29.2251415625,269.5336994961,2220.5438344144,2328.9311939154,0.0008236616
0,-72,-81,-0.4135409949,106.9437011732,2.7125574113,33.6279998773,264.532956019,2225.6308316628,2334.4111783622,1.6960821160943903e-05
0,-60,-14,-0.1600428461,99.7378443304,2.2053286422,30.9345330023,240.7753442144,2238.5832200729,2329.2608168062,0.0006553576
0,-74,-111,-1.9635800362,99.9394294992,2.4561378479,32.8171299249,209.9936299324,2258.3242107088,2303.549660236,1.4068595045299126e-06
0,-66,7,0.5973987258,96.773704096,2.3570115623,30.4775565674,221.296781315,2244.4301321671,2347.0955968602,0.0038809848
0,-63,43,0.5752726271,89.3194427146,2.3108503668,33.4664236159,177.133124574,2257.2752456132,2331.4318576219,0.0001387214
0,-62,105,0.7931451643,74.1321602688,2.3286123926,33.5240532923,201.5747696058,2246.0184868995,2328.0513157655,1.5754726884527933e-05
0,-65,15,0.9146837817,110.4918164555,2.2701126985,33.0996088748,203.2965208884,2251.9131844217,2346.247750549,3.1258800293835736e-05
0,-64,-25,-0.8384649552,96.2910302183,2.2230751451,31.4180432534,251.7396798699,2241.9180312964,2344.5189309562,0.0002812103
0,-69,-31,0.1681358595,104.6219015179,2.3519576297,32.7698921094,216.0906580279,2247.2291315267,2348.3762454966,1.6064093911034097e-06
0,-69,-44,-1.3900726102,87.6761275874,1.9370111665,28.0262335746,312.6673423943,2193.9484446866,2322.9123160213,2.6122943497
0,-69,174,0.0102518864,80.686125038,1.9835642798,30.1081552731,238.05188098,2238.7776278781,2335.0167789143,0.0008067479
0,-31,-73,10.2110157402,29.8026559469,2.2376892254,29.1901522584,22.6600780906,2255.2754744716,2285.0574113407,0.0068589491
0,-72,-20,-1.0563100602,84.4570930067,2.1676664524,31.2829553996,245.7182782764,2231.5588087563,2347.6222335617,6.543135956292654e-06
0,-58,1,-0.6375923964,83.7665842897,2.1137048279,31.8068750251,262.5631855649,2227.0624289793,2328.3475130983,0.0064235399
0,-68,-40,-0.1893680859,101.8382299196,2.3011157734,31.7500887662,224.329914772,2245.6041229285,2348.5943324503,3.548487376964141e-06
0,-63,157,0.7981350074,85.9010055906,2.3311504909,35.6515671874,194.3810547022,2244.2124770485,2330.3166784827,0.0004554722
0,-70,-168,0.8548548433,82.0850548828,2.2362369371,32.3072320158,207.8266782683,2244.7256253277,2336.9680315087,7.910115739385585e-07
0,-65,-149,1.2127482551,94.339491152,2.2761060429,32.6914781605,182.3070752245,2266.4500059254,2350.4556580045,0.013594069
0,-72,-82,-0.7046322099,88.3827818377,2.215244133,32.1213378381,221.9699356511,2254.8199075687,2307.8101213895,0.0029515329
0,-69,177,0.9502285047,91.7605354853,2.2877538663,32.9995426535,183.3028070776,2254.6421397392,2342.9574000403,1.3553120465786531e-06
0,-70,-38,-0.7190300818,95.9814792826,2.2465232875,27.5702545699,235.0830322093,2237.1249380111,2342.764708395,0.000377689
0,-63,9,0.4164426985,90.5777872908,2.2577713227,31.5268016573,222.7771242131,2252.7608409395,2337.9697191261,0.0003818626
0,-62,66,0.8467042855,72.837520591,2.3633203298,34.9649902471,193.7696096088,2243.4870468508,2314.6144372098,0.0004324089
0,-67,-73,-0.8544435469,84.860081439,1.8502052116,34.4314248564,249.8649497777,2222.3139927132,2315.1984988725,0.0055498589
0,-66,42,-0.4287819699,89.1566342949,2.2649820376,33.0813603742,223.6094367942,2239.9176411888,2335.2472375902,1.4693526514739478e-05
0,-60,-14,-0.3767672846,95.4155503375,2.044994104,32.428578907,247.3946836718,2240.6399248349,2331.6728187222,0.000964225
0,-62,-18,0.1758275963,89.7175562908,2.1325086666,32.2818846216,244.8437002282,2248.3375870811,2342.2792603376,7.530183127995787e-06
0,-67,29,0.3445458732,80.4533083148,1.9873987074,29.9460380194,238.9894999495,2255.3673009763,2337.6584556898,6.87033456157909e-06
0,-66,-149,-0.3535391468,81.6155200449,2.2660911112,31.2640358483,232.5428784341,2235.7936841867,2324.4134472328,0.0002991793
0,-63,116,0.7489703724,82.1677762233,2.2515128999,32.9138583007,157.5921529202,2250.9815006959,2331.1987059467,0.0001560214
0,-65,-19,0.4559491545,108.4166304391,2.2892559079,32.1129319313,215.4011697498,2255.7279956711,2350.8454254141,1.5668048256904125e-05
0,-57,-2,0.6609085628,85.6878791009,2.2616314466,32.5556951982,218.3029441777,2245.1840680664,2331.0316963761,0.00141924
0,-61,85,1.2054059605,82.3743309664,2.2375882952,32.5614306464,229.6561899198,2233.1921023382,2324.1235697671,2.7906148654005792e-05
0,-73,-128,-1.6057693153,86.1732583682,2.1424736915,29.7737081557,284.4485107003,2201.468870441,2304.1943335376,0.0065844029
0,-62,153,1.3636435548,76.6055264342,2.2192645602,32.877716579,208.1571837393,2240.1978038679,2328.7339542554,0.00091328
0,-66,122,-1.5445061593,81.2673249802,1.4712416727,31.0724517847,205.4081703494,2229.0585917129,2330.5982062703,0.0014278253
0,-61,17,-0.0008897071,88.8958880252,2.106596896,31.5176206435,235.5516119155,2240.1034368322,2341.4444612445,0.0002645888
0,-64,-23,0.1280430626,82.7112144707,1.81162136,26.2409057385,350.9099666117,2165.887779571,2308.6466630857,32.7645468217
0,-64,-30,-0.4406084288,95.7198216753,2.2504021314,31.6152245283,251.982404247,2250.02665649,2347.9915161703,0.0075653677
0,-64,158,1.0602678917,85.3933502608,2.2208886242,32.4017699642,195.8491194701,2233.7248747008,2334.8010744686,0.0002226793
0,-62,-51,-1.3370244173,87.894650639,2.0306437313,30.8718380393,318.5340840868,2212.9085958443,2328.9840419245,14.7690135035
0,-56,-6,0.6825130685,89.0085220576,2.3314812171,33.4385890596,220.9769786452,2235.2113020193,2326.5550228815,0.0015340038
0,-71,-25,-0.5794159734,89.8006962657,2.1025276168,28.5431855149,248.3318287414,2234.6101686904,2341.7107682079,0.0002701513
0,-64,-47,-0.4293814973,98.5112900817,2.231282786,32.1776111468,238.5411444281,2245.714601691,2348.2926776056,0.0022662717
0,-71,-76,-1.270696004,88.4815662244,2.1621119666,30.6679328961,218.3206596532,2250.1622764678,2301.3199886432,0.0047694202
0,-69,-180,0.7898461713,90.109915245,2.2909033688,33.1343810286,180.0888276089,2248.8172272558,2341.7728967456,1.0576861816471406e-06
0,-68,168,-0.1907812815,84.1770806007,2.1048773646,32.4807616135,250.1912220016,2236.2978304786,2334.3723726185,0.0049398996
0,-65,54,0.1494950486,81.0379859657,2.2247397519,31.8414317802,225.3886962936,2235.4378593439,2333.3419919829,0.000252851
0,-63,-149,0.7866940566,97.3809713251,2.3206230942,33.2408113351,186.569603429,2259.8747952381,2344.1229754789,5.104867139353835e-05
0,-65,-67,1.1259506698,87.2999223491,2.3604373172,33.7453518539,248.2306022586,2215.7425648385,2341.3532763877,1.9902051250066613e-05
0,-64,-147,0.7604639186,98.0476944503,2.041289587,30.5631231484,256.3756704003,2222.5520614987,2339.6652859185,6.743671376862778e-06
0,-62,117,1.4283807292,78.7064718575,2.2713728447,32.8299913268,198.1174478679,2238.1403924942,2330.5041580983,4.770192316377641e-05
0,-62,18,0.7352849489,105.5749819506,2.2133752305,32.2986514223,221.8896140797,2245.5065899105,2344.962569859,3.1142669616473206e-05
0,-61,110,1.4864479709,74.4006275937,2.259217373,33.0862792276,194.6939625345,2243.6210662897,2328.7330767683,3.634920033812228e-05
0,-63,15,0.880942573,105.7303848735,2.3185856698,31.6445352485,222.3634841586,2243.9343971061,2344.3906121383,4.777023842759876e-05
0,-60,3,0.3833169921,100.5307709965,2.1686007235,32.5261640364,225.7466935368,2246.9855603379,2346.8698383259,1.4137642463841335e-05
0,-65,11,0.7292790686,94.2651447026,2.2637123127,32.8079790064,210.3560578049,2251.3038868345,2345.6716437978,3.846846610504504e-05
0,-63,-41,-0.6929611256,96.4927245409,2.1296026877,31.6883509275,267.9873002744,2228.0714804064,2338.2011381909,1.367532730549524e-05
0,-63,63,1.0668548435,78.8287313269,2.485941656,31.8312806888,220.4420313301,2239.3713417899,2333.797608602,0.0040870024
0,-67,3,-0.8976922458,85.1820495859,2.1643155314,31.4438448308,256.5905932285,2234.0141137712,2334.4043305034,0.0342691312
0,-65,-43,-1.5459113685,83.1493308534,2.081343452,29.9808939983,286.673362631,2226.2583555691,2338.4939609237,0.0057373152
0,-63,-17,-0.7895549023,91.7004197142,2.1142535785,31.3826883447,249.5917099796,2240.3716408761,2338.8462427733,0.0057275632
0,-62,-6,-0.8133715082,94.6849762495,2.2047314467,31.3106387805,267.7182984554,2231.1153214665,2335.9903042635,0.0217429708
0,-56,20,0.2152947918,84.311242523,2.2163324643,31.3289742695,230.5522278557,2242.0496342425,2335.234001636,0.0001358779
0,-64,121,0.2589980398,81.260711062,2.2660191492,32.7042838057,220.0190304405,2234.2808164636,2333.3204799356,8.070395392735785e-06
0,-66,2,0.6008981916,99.7694499396,2.2384809311,32.13738453,201.9372544976,2255.948681543,2347.8351882775,6.0048483505947085e-06
0,-65,154,0.5697236975,80.7754602088,2.2440837249,32.6385162036,221.5032914358,2243.3604090437,2338.6721106979,0.0006180271
0,-65,-33,-1.625031451,88.2932471201,1.9779466887,28.6443307422,309.5325757826,2215.3157230845,2334.5506880076,0.1663562614
0,-54,21,-0.7913955025,74.7892046415,1.6547096655,24.2534610349,341.2781128082,2180.0332715747,2306.8184477507,73.6535691523
0,-66,173,1.0420461425,93.6942684732,2.224773503,32.9690683153,189.022862118,2250.9441242788,2339.8694489935,3.425368602358572e-06
0,-63,72,0.3501774866,74.5460821232,2.3885530669,34.457546262,201.5953646513,2249.4866066535,2320.8427148384,0.000190596
0,-56,13,-0.0438241859,92.2813880982,1.9973147185,32.751872854,261.1448751658,2234.4295065812,2343.0601895797,0.0002045992
0,-64,-4,-1.0333656208,84.8691184075,2.1865512767,33.1726248833,251.3054659481,2239.6535177369,2337.8506210761,0.001132078
0,-67,1,0.7945674071,92.0446062516,2.2022834963,31.7392401111,206.6501403102,2250.400114948,2350.8824490583,2.839486019198307e-05
0,-58,-2,-0.1689515733,89.7800260052,2.231206576,31.8812489325,230.5020095375,2240.0566308786,2332.7984349227,8.810543952212571e-05
0,-63,-9,0.4952412282,101.3021994159,2.2360540569,30.9468121635,200.2572816538,2261.626252001,2348.7865279914,3.3679655236732365e-05
0,-66,-68,0.4335838345,95.4180836578,2.3701528574,34.013887787,217.9170061428,2250.9200903723,2342.7645504094,0.0206101056
0,-65,36,0.6753529116,84.7831199038,2.239434676,31.7732407513,216.0761099187,2242.3485440117,2338.9433292135,5.824171190698906e-05
0,-70,-82,-1.7075288083,88.6939633521,2.2800013356,29.7049955455,293.8567458992,2207.8926800115,2308.3815408617,5.4608428457
0,-62,-42,-0.5529586676,98.2913483513,2.2265826506,31.3672336214,254.5123792221,2236.6226134316,2341.6173330453,0.0082025845
0,-61,-28,-0.4108301178,89.2608928656,1.8921075125,31.7573462037,255.0028582503,2235.6641059024,2336.0222096329,3.945850676384919e-05
0,-61,-45,-0.3189094446,100.1067901008,2.2177017071,31.8799194191,248.6993470729,2238.4711921774,2341.6120794095,8.800063461654138e-06
0,-64,54,0.6972465124,84.1675335124,2.2359879258,33.8401920478,197.7791698637,2252.1450737038,2340.3584472851,3.6254962366630377e-06
0,-67,171,0.4949838424,100.4934704674,2.2320794575,33.0387362191,188.8224865526,2253.9146695316,2340.2111305864,5.038315296760819e-05
0,-61,-52,-0.8475588385,83.7040025876,2.1180300853,31.431610885,277.139051726,2223.1750846784,2330.6688752733,0.0004631048
0,-65,-161,1.0292223594,97.431682932,2.2908388896,32.6566116072,201.5021436509,2249.8955448695,2338.5450263231,3.503501227683638e-05
0,-67,-19,0.6158986556,106.3812500872,2.2934466128,33.3697107906,197.4697952462,2264.3458410551,2351.8991116765,2.520944439779237e-06
0,-63,-155,0.6848046391,76.0420704359,2.2410260342,31.11825414,202.1915304384,2246.8549755155,2331.5589334446,5.3801878305436e-05
0,-73,-86,-1.8505100014,116.6062850878,2.8394155507,34.5686683692,238.609222427,2241.8468774828,2312.1239084665,0.0117696466
0,-60,7,-0.1067418752,93.1430143788,2.2786860232,31.6757444323,235.4731040462,2252.851163685,2336.9819050239,0.0006076677
0,-59,39,1.1077180572,76.0759153314,2.3721636815,31.8935534859,197.3535319366,2247.2816295637,2323.4091523946,9.930945057387565e-06
0,-67,5,0.0407528849,94.061264813,2.21163152,32.6454275715,219.7914670335,2246.3244118283,2343.1914035836,0.0006082278
0,-56,35,1.1780286882,89.3771760199,2.5934583256,31.0357601359,240.2687911637,2211.5876363079,2303.965073902,2.298120696905169e-05
0,-60,-2,-0.9009645695,87.1468655722,2.1220822531,30.5536145639,281.1273723335,2226.7356472941,2332.7737756028,0.0016232877
0,-71,-82,-0.1110931195,96.0057334304,2.6308080632,33.9198917738,253.7053258167,2228.88568975,2333.6966221629,5.099162276753239e-06
0,-72,-104,-0.4513168147,87.9949073092,2.1681278554,30.8166431959,201.9343528849,2255.2417331704,2314.7050523013,8.825529450459224e-08
0,-60,83,1.4871484889,81.217502183,2.3307120094,33.9061436383,186.8610238237,2250.7068405351,2331.1619850021,4.447419005787701e-06
0,-62,150,1.2220773818,72.7591141071,2.320541181,34.9472445604,193.8753277165,2246.6559683816,2326.1994087067,0.0027114287
0,-59,78,1.3984982637,84.2642914739,1.5185820382,32.1013940425,279.5488264116,2215.3771018938,2331.1739288264,0.0002086748
0,-60,17,0.1602460039,83.8567464278,2.1130661275,31.4297831161,246.5826392343,2236.9705715552,2342.9303580757,0.001858931
0,-62,-147,0.0933980481,95.3149205919,2.398268063,34.0583860787,173.4111771918,2262.1894164833,2348.8560068745,0.0001181332
0,-60,-149,-0.5683036725,86.5011906188,2.3499972655,33.3755296264,217.2467355412,2253.625668848,2328.0928629109,0.0007548875
0,-71,173,0.1403102267,84.8897781826,2.065957465,30.8057303581,237.3978514164,2243.9541655348,2338.808803183,1.849947218449656e-05
0,-68,-75,-0.9031307904,83.6055203936,2.2534999363,32.0558537332,254.7075779662,2226.8254977236,2319.1342607493,4.161593313684027e-05
0,-66,-15,0.6587666693,103.5585351977,2.2704277541,31.9120139708,211.6333495328,2263.8731603183,2350.8846499462,5.748425610359e-07
0,-63,30,0.8845241818,92.8087474189,2.3247200441,33.6760867018,205.5739368764,2250.224659896,2338.0456879841,0.0001045163
0,-58,-3,0.057434175,98.2633581993,2.1894857753,32.0556146843,238.4427452846,2240.2692737542,2335.2447432631,0.0012883146
0,-63,-162,0.4959226538,80.4470568004,2.2327491675,31.8338042268,246.0291350147,2222.2693224692,2320.5942785423,0.0001925801
0,-61,5,-0.0193400543,91.12507806,2.2468223488,32.0521151327,212.4381889024,2256.3794320506,2346.0859549133,0.009554844
0,-68,-52,-1.0118880575,82.7833147915,2.0637277257,29.5497460672,256.3067326465,2231.3642891202,2342.6981862658,5.0243125157978165e-05
0,-66,1,0.8427483077,98.8787056457,2.2939590042,33.2645603063,193.5111220194,2260.7980752964,2350.3527899635,2.5347964118603408e-06
0,-67,-32,0.2032220235,107.8819436213,2.371531736,33.2713596551,212.8873965024,2253.1470536695,2349.0645225329,6.886597903945266e-05
0,-69,178,0.7552363258,89.8597886061,2.2993335364,33.0929144717,184.642178747,2252.3337379286,2341.5231859702,4.755370721729601e-06
0,-63,90,0.3407660289,82.1269153259,2.2318534817,33.2153047724,217.2749958076,2245.5043288518,2332.5007003623,1.0459132649904618e-05
0,-69,158,-1.4260550141,79.326084137,1.5534487963,21.1315698624,337.8260040283,2157.2295622338,2283.9126767558,22.8163000843
0,-67,-12,0.1158905337,83.16352287,2.284284796,31.7542314811,219.0864370067,2248.2664276017,2345.2929193431,1.4826690771542424e-05
0,-61,0,0.443212257,99.5405616122,2.2678989273,32.4036877494,204.4915523658,2255.9817412352,2345.6387987652,0.0011729768
0,-63,-32,-1.1722501081,90.867889795,1.9979339739,29.8465696993,263.1015012808,2232.9663490703,2336.2092204412,0.0001700789
0,-62,39,1.2531084682,88.9259926927,2.3038804229,32.8789824142,170.6067778311,2264.5629052259,2337.1446959632,8.388731631678825e-06
0,-62,-48,-0.3923088179,100.0914939468,2.1917090161,32.0066039385,250.8567214298,2237.39460695,2342.8748409645,0.0075887711
0,-67,-147,0.3008426539,80.4329052831,2.0290297666,33.224061516,236.3353033086,2231.6229868738,2338.5589017266,3.346173043064672e-05
0,-64,-48,-1.4807404984,84.6590247423,2.1135093208,30.795354655,280.8626172747,2226.8832673736,2337.8544984119,0.0393414033
0,-63,144,1.1626354214,80.9876240493,2.489502627,33.9324465553,196.3863806788,2235.2542166425,2326.1904487781,2.138788524166112e-05
0,-70,-35,-0.6113274602,89.7673797119,2.1584701603,29.3730573136,256.0995627091,2231.7447880491,2344.5453723199,0.0001776744
0,-68,-33,-1.6188657698,85.3059432471,2.1802534233,30.2408696905,266.4558243529,2232.372559382,2340.4315116091,0.0308209984
0,-70,-92,0.6735322191,80.9070188575,2.3432346742,33.1969894103,257.2076769657,2209.8514902842,2327.2587031581,4.331067805440972e-05
0,-68,-8,-0.1379425585,79.6632265792,2.1615842252,30.724301635,221.1724045986,2246.4983832884,2337.0336521468,0.0545573325
0,-63,65,0.9969650125,76.0002970706,2.3628588095,33.4051656812,211.8861364342,2240.3102587901,2328.2058336542,0.0001473054
0,-64,-154,-0.9310134183,86.8292542986,2.0317375199,31.193118679,281.2639590231,2214.7395174074,2327.2953059018,0.0008178224
0,-66,-145,0.7168346667,81.9320395493,2.228229746,32.3326002571,216.5184852916,2243.1393915141,2332.9400644068,3.804440070937754e-06
0,-59,84,1.1148027447,75.4217671824,2.295055897,33.0827082675,208.6174976541,2237.7721124875,2321.7439632575,9.355824859314906e-05
0,-62,-13,-0.2199774414,92.6910700192,2.2777673467,32.8349101032,218.1286719344,2252.396549843,2340.3098564361,9.375824678806804e-05
0,-63,140,1.3310382548,78.0334242561,2.2553149185,32.9863122205,202.7637499302,2235.6592981497,2326.1033161602,1.4522535424891527e-06
0,-69,-7,-0.0268363,85.8419148882,2.1820915794,33.1593563191,247.0175771764,2233.2955196675,2342.617890526,3.3162588352499427e-06
0,-66,-29,-0.0534230624,98.0329469046,2.2387378801,32.6005485249,204.9762448851,2261.5546715627,2349.7994076701,1.0201515076554824e-05
0,-61,-7,0.4752947061,91.4458610147,2.2484009514,31.4137139927,203.5168519247,2258.4087200489,2344.9056753578,0.0018550713
0,-68,168,-1.2602438966,88.653387869,2.1675712169,32.4302337361,249.5461097423,2233.3435776977,2324.7094808582,0.0132930455
0,-67,-149,0.6000026819,88.4748966713,2.3095354333,32.3509328253,198.888141801,2253.1388829742,2334.6430425696,1.20044454613769e-05
0,-71,-102,-0.0855628495,81.5800194135,2.3551308863,32.3060151336,193.4680238746,2221.1888530946,2334.9896087145,9.108943216432685e-08
0,-62,-47,-0.6627501351,91.3703102892,2.1909363307,31.3459507898,272.6487379005,2229.1471585966,2338.7524477394,0.0012870569
0,-73,-110,-1.3922559946,84.9649916296,2.1687770994,30.020163731,260.7454009137,2223.4102906574,2297.9321797974,0.0440673251
0,-63,83,0.6089560788,79.6485038591,2.4122806375,32.0412346902,205.8162137774,2247.3630159428,2330.6476438892,0.0004167107
0,-67,-14,0.2438150096,83.5594619223,2.2056954917,30.3507223147,242.9908434632,2236.9788979957,2345.0105758968,1.4788225179984278e-05
0,-62,5,0.5102208152,101.2440807866,2.2888822034,32.5242658375,207.6517311167,2251.4148694588,2343.2002680969,8.027820436882939e-05
0,-65,119,-0.5846557592,81.4729358284,2.3087326587,33.5878157924,205.4983880941,2248.7090911859,2337.7955177781,5.337805582111061e-07
0,-72,-117,-0.7085885978,92.6660643358,2.2460367081,30.4831483224,258.6843966123,2221.0216534814,2319.5422891933,7.941218034804813e-06
0,-68,-2,0.6467948554,94.8227922901,2.2417177866,33.4721737446,202.7264138596,2240.3435650006,2346.0112915213,0.0003222166
0,-60,72,1.541949562,75.1684332375,2.4637773272,33.6529018422,192.506522522,2214.2472544573,2324.7556959091,1.311611220365909e-05
0,-63,163,1.2823244898,79.1085188223,2.0336994296,32.0611226797,199.8251595965,2247.7404738569,2336.6303196166,0.0011403208
0,-61,107,1.2292296823,74.0493626221,2.3019523206,33.491302255,196.0487587616,2247.2400557534,2327.2395406799,5.197894362564712e-06
0,-55,16,0.3597327591,88.2865423364,2.2586363088,31.8391071695,216.1451273812,2231.6435417793,2340.3084534815,0.0005660319
0,-66,1,-0.9404479568,83.5195500047,2.1824941824,30.7872526194,266.044187998,2230.7064499203,2338.0347982901,0.0246062828
0,-66,-69,1.1412346708,94.0742424353,2.263964967,39.0828395959,195.3930156669,2235.8467506162,2345.0694580661,3.135771214420078e-06
0,-65,-70,1.4052306429,80.2392829805,2.1760472173,32.9159316691,150.2911217184,2269.7012332071,2331.1350552574,0.0030177689
0,-59,-29,-0.7864107839,83.6637829014,2.030606744,30.2172231338,273.7417945848,2226.5058801698,2331.0778252241,0.0077987143
0,-65,13,0.9448985077,102.1956724797,2.3021433662,32.8828264734,218.4640950216,2255.0010208139,2347.079370454,5.031760368364714e-06
0,-61,4,0.399354856,104.255868309,2.2483192877,32.3344747377,198.0811779771,2263.7112075111,2351.3794350291,0.0026040699
0,-66,54,-0.2022100077,81.1139053339,2.197219801,31.8424285889,235.7553985864,2236.8326686862,2334.6212530437,4.865222529184e-05
0,-61,-22,-0.1317619542,99.8974909359,2.2590305042,31.9004126096,221.1012637436,2247.7997939699,2338.5168694869,2.793604362150952e-06
0,-59,80,1.7480886839,82.1971611623,2.3338397455,33.9866787092,180.8335038487,2254.2193049226,2336.6851697984,1.2592168280624137e-05
0,-62,-1,0.6321346844,99.6770996422,2.23154667,32.4678454563,201.8352361908,2259.0974906197,2349.4094989037,0.004010264
0,-66,-20,0.183542328,105.4848486827,2.3277250691,31.408479704,238.9110775934,2243.7094615751,2348.4224769876,0.0029562028
0,-64,29,0.052603825,82.2634083184,2.1275105411,32.0428673564,241.8712175405,2234.2584133231,2333.4836234539,8.362214230747793e-05
0,-68,-38,-1.6064759131,89.65970279,2.2064242392,29.1693078944,278.8795992558,2226.7328751476,2339.3967773457,0.0215444177
0,-60,-18,0.2113016055,82.042787518,2.0510638148,30.8360771348,231.783054538,2250.08962496,2340.0141480491,0.0048951571
0,-64,6,0.7907672329,99.828927657,2.282656444,32.5467830508,203.7996267231,2251.8032672776,2346.6840119288,3.683690320474288e-05
0,-65,27,0.5082252479,89.0885964914,2.2856730675,33.3284956131,213.4806330064,2249.5556000415,2339.6760227079,0.0001275852
0,-64,154,1.0495138557,83.4038275889,2.0919858847,32.3125725287,211.6103317911,2231.6005349222,2329.1298071186,0.000176417
0,-58,-9,0.7140967133,80.3472103536,2.2307093765,30.9086493013,225.4187939339,2237.8338857796,2330.3991934539,0.0031379099
0,-65,36,0.3292508377,81.2972015931,2.1868951932,32.1807437889,244.8595304899,2234.478244184,2334.9924721212,0.003812819
0,-66,115,0.1091629893,88.4642746598,1.9512681131,31.0316982274,226.5487381071,2229.8220376516,2335.3637067144,9.33307641424291e-06
0,-57,14,-0.5467119619,91.8688355781,2.1683124276,32.6297016982,248.8294436638,2234.2786070665,2337.1168850496,0.0027898516
0,-72,-122,-1.7655740032,75.386568305,1.2476894476,18.8796180349,273.4778239099,2208.0320129062,2296.3557524761,1.3570024274
0,-72,-89,-1.7922099831,101.3874320909,2.7024166585,33.8067321721,248.7733459175,2230.5622200431,2305.3420810281,0.1361371744
0,-72,-78,-0.7675400069,107.1920554042,2.2710570104,31.2407812134,208.2885254174,2270.0343038648,2318.0163399092,9.217314447271025e-08
0,-69,-21,0.3182496559,96.7791157305,2.2409883101,32.5156064879,221.7149800863,2261.6892624334,2346.6941924068,0.0033941473
0,-67,-48,-0.2784374662,82.0193424208,2.2033995934,30.284924165,266.9169864447,2228.0330260766,2346.5241500836,0.3487193556
0,-68,80,-1.6116049889,84.7201880738,2.0334119801,26.8072023466,259.4592130184,2225.9408507026,2322.9361778771,4.311281109081037e-05
0,-63,-10,0.3899615159,99.6265913569,2.2385528914,30.726540864,203.6449803573,2261.3862166706,2348.0447462114,3.505652437344313e-05
0,-63,77,1.3782794678,78.9735558967,2.1688167951,34.0618641374,201.3274730101,2262.5033641234,2338.1931560004,4.5920303113220925e-05
0,-63,-44,-0.5618679158,91.2852678892,2.3032561449,32.1063473881,228.2887413826,2247.6802105177,2345.9029927631,2.876848982304021e-06
0,-64,-43,-0.557250191,94.0158156918,1.9854620285,33.8763554365,255.742684167,2234.7308055064,2344.0744149033,5.306478971708225e-06
0,-66,39,0.3825159183,82.0415764845,2.1868307721,31.5972002286,220.0566835147,2238.3449536754,2334.5236151253,0.0001098458
0,-69,-77,-0.7106833316,84.4208533689,2.2651117949,32.0069986013,244.3582521978,2237.739554695,2319.9202882657,1.0518166725293597e-05
0,-57,81,1.4318882819,78.5497371871,2.1907508807,32.6030362471,204.0799783963,2207.4035694093,2328.7920015439,0.00040213
0,-63,-46,-0.6533096991,84.648055465,1.8619805887,34.1649261314,261.9072883491,2232.928382446,2343.5851959301,1.0178295337540315e-05
0,-65,140,0.0389478911,83.8523744978,2.1765191902,31.6110010549,261.3414731128,2223.6696287192,2329.1037150284,0.0001983984
0,-69,179,0.2201226081,83.8397320862,2.1629682265,32.4622305354,238.7992705112,2243.4739446495,2340.2111540273,0.0120775202
0,-72,-143,0.5803086054,81.0087744408,2.0651356742,30.7633244355,234.0118170805,2232.3094031688,2330.4464367889,6.259539427849797e-06
0,-66,12,-0.0617474384,90.0019559369,2.1535715842,30.74895839,219.1403994433,2249.7698936104,2340.8333882172,0.0555279998
0,-67,-71,-0.3567047738,97.725789817,1.6614797023,35.3052687242,201.8660194544,2238.0539039414,2318.9435121698,0.0013565663
0,-66,20,0.6826915225,80.5676629392,2.24696242,32.8751769175,218.5172066818,2247.7770932824,2345.7577921232,0.0009812635
0,-63,80,0.8240192885,75.3620334106,2.3608660464,34.2322867087,202.0769413095,2249.2062396623,2327.0434858513,5.699684455901535e-05
0,-73,-80,-1.4270600067,121.9769248366,2.9884824757,32.6782951057,239.6729278862,2214.8925430393,2318.4537622525,23.4482842875
0,-61,7,0.4187897093,102.9414269148,2.366697996,32.8268241048,214.3995900696,2251.7438367322,2348.6081163281,0.0174671928
0,-66,19,1.0596434736,93.9977614676,2.1521068398,33.3808144313,189.4770888698,2250.1365046895,2347.8936134133,1.118744745756515e-05
0,-64,-45,-1.3234274812,90.9303050058,2.1739132532,31.5554134252,261.513474753,2234.5777564744,2340.7784891,0.0091477749
0,-60,15,-0.3271382183,93.5805973025,2.1748234682,31.2491540295,259.6228627188,2231.5982115959,2334.5098945188,0.0026197005
0,-62,-46,-0.7933679313,85.2963907819,2.0606979682,31.0725999543,283.0962737121,2222.5644821262,2334.2295321168,0.0028151033
0,-62,-46,-0.8670938992,83.0500077287,2.0184054698,30.855506696,295.257411375,2217.9607333281,2332.2486244547,0.0055797627
0,-73,-133,-1.4713041887,83.0056822963,2.172543788,29.6907668641,279.4894397405,2197.9213012004,2301.0397636042,0.0929637128
0,-66,-23,0.6349547444,104.3326037144,2.223273162,32.3722279828,193.8654098488,2266.1283828072,2353.1594405882,0.0108572253
0,-62,4,0.1884886561,91.9547241161,2.2220014226,31.8612951554,226.7744515219,2247.6656975539,2338.8909430463,0.0003354719
0,-64,-39,-0.3095550404,99.0041744927,2.225830653,31.9536782665,216.7391522578,2254.0246897552,2349.3970888787,0.0142261391
0,-63,12,-0.5861585127,82.6055889433,2.0996696024,31.7596426265,266.6249091254,2225.7643209807,2331.5281125766,0.0042192965
0,-60,-24,0.0553995525,93.7013717542,2.3060281606,30.7044399826,230.910442358,2250.4258262671,2343.3496965737,0.000660852
0,-71,-160,0.8462097796,78.3807462999,2.0359697082,31.9524296508,210.6028817054,2241.4597741239,2338.6732227127,3.953289532613139e-06
0,-68,-70,0.7419053563,96.918336755,2.398557052,36.0206603534,173.9806696116,2240.3698511534,2345.8962974334,5.211422886293952e-05
0,-62,13,0.841210025,104.1414446024,2.3107131995,33.1045061325,202.6159106042,2254.6635728002,2347.1432735439,7.74005429781099e-06
0,-62,-20,-0.2755706998,86.2132953477,1.9916076759,32.6983912521,261.567722761,2239.6255179672,2337.1113571459,0.0001706078
0,-71,-25,-0.5272163015,83.816605903,2.2154416565,29.9575719199,265.4137586754,2224.0272092848,2343.4923462629,3.703729813470564e-05
0,-62,116,0.9245447155,78.1178716906,2.2496605118,32.7819899783,214.3835348979,2239.0120539882,2327.6962225118,0.0019507462
0,-67,-158,0.9556404889,95.3752319585,2.2864064821,32.1826658491,203.380916228,2250.7227972616,2339.7253212089,2.3079756419091314e-05
0,-62,-13,-0.8668322539,84.3205043485,2.0182093321,30.8274040253,262.0402630162,2234.3141639703,2334.4230639666,0.0070239107
0,-62,-34,-0.3384689326,102.76590819,2.2522701683,31.8657456704,245.0538834294,2244.8411817426,2345.781031463,0.0154540138
0,-61,-14,-0.3171143005,101.9448191271,2.09234275,31.3945115683,291.1140408938,2232.765171951,2335.9894268051,0.0006002016
0,-60,-36,-0.1188871073,81.5759472515,2.2244893345,30.9086648829,257.3288782364,2232.5768084114,2337.3993747135,0.0011701638
0,-70,-176,0.508764652,80.1716271017,2.1198459776,30.8120577081,221.5694262563,2240.1587855841,2336.0754308251,6.280073222255416e-05
0,-67,9,0.2839691269,83.8253223989,2.2268692676,31.4104031988,239.640831855,2235.9122173605,2346.1078896921,0.000165231
0,-70,-89,-0.2262550341,85.2519746491,2.2132098319,31.5427322931,278.718131723,2200.8627365717,2327.5841477865,0
0,-63,151,1.3900770478,82.242706855,2.2635239077,33.5193110984,195.6045258717,2246.4662605373,2328.5246607338,2.4244662287602225e-05
0,-67,44,-1.6935014567,88.710631771,2.324415695,33.3632459817,261.0165828649,2219.9737197854,2327.2451395418,0.0001860035
0,-65,-38,-0.3907835164,106.546477221,2.2542936172,32.746078194,239.1025265229,2243.183375699,2346.4091142727,0.0004114699
0,-62,50,1.5624797906,84.4573124486,2.3633737362,34.2257338757,199.4630611623,2243.8403800221,2333.4579270323,6.179214378275948e-05
0,-67,-175,1.3297083773,88.1413689718,2.2350803073,32.439177776,185.3201137683,2240.4721765993,2339.3193029922,2.809533371942088e-07
0,-71,-116,-0.6641727894,79.1829421612,2.2937093495,32.6814898872,234.2071262522,2242.5201002094,2311.4136379882,0.0316898681
0,-60,-15,-0.6619253928,84.0602156931,2.0082347841,27.0801550046,285.7184790764,2224.0709446328,2328.3689029463,0.0379170445
0,-71,-175,0.4887769426,80.7114331906,2.1409640546,30.8524903853,224.212430549,2238.6382601047,2336.4033447963,0.0003308753
0,-69,-26,-0.2198365979,87.048457852,2.2170157019,31.6901022069,234.150247178,2243.4392232644,2346.6502988587,5.905349004595394e-05
0,-68,-31,-0.9087389391,86.7621173927,2.150457327,31.0283503894,237.9471319547,2244.6630830383,2343.7562237179,0.0010965894
0,-61,36,1.0029275634,81.4677561663,1.966176154,31.3157138282,228.3563454464,2234.5888532047,2331.7471039278,0.0001893067
0,-66,163,-0.063309279,87.9807439511,2.1439100371,32.2415433818,240.4239264119,2239.8880448418,2336.4816447868,0.0037360586
0,-61,-29,-1.3654700593,79.7767811992,1.6184352512,26.5066216324,346.460729207,2191.5127668014,2318.1668202351,0.6527179913
0,-69,-36,-1.3629726122,87.0333420844,2.1656945267,29.1225985486,264.1504991842,2234.3138967503,2342.438044355,0.0012592314
0,-65,32,0.0950858174,82.2532455112,2.2293849476,32.3175318164,228.6118860552,2243.8349121348,2332.6364100983,6.222854440869079e-05
0,-64,152,1.3324701048,80.9585072406,2.2402048277,33.4574709313,197.0348284669,2248.4909902182,2340.8453942409,0.0033472623
0,-71,-153,0.9145456613,79.9336789002,2.2360054417,32.8315387365,194.8971041523,2253.8863655342,2336.7062578847,3.4371264239629087e-06
0,-69,2,0.6988676642,96.7583686318,2.2839694681,32.1740491943,203.7131736379,2253.1325384595,2347.9726315212,5.0219187419705935e-08
0,-66,111,-1.0650770301,88.8548828177,2.0129389764,31.5149362586,260.7852722257,2222.5590446072,2335.0001966266,0.0045393299
0,-58,8,0.1846004666,99.5499701658,1.8705302168,33.4642364767,222.604570898,2251.3225916113,2346.5938149208,6.502333878068602e-05
0,-66,41,0.5151171835,84.1235798278,2.2334980584,31.4196114723,211.6742818441,2244.301832137,2338.7611739891,4.587751826873276e-05
0,-69,-34,-1.693294438,83.039730903,2.107585951,28.2588019961,268.8549798034,2229.8831033169,2339.715110606,0.1058903473
0,-64,-30,-0.5128249419,91.7525894719,2.2226010788,31.2948610365,256.8036474946,2249.3969649084,2347.5066355472,0.0079208795
0,-67,-179,1.3050302313,79.3471377887,2.1816647238,32.5653941668,197.1547592305,2234.0413014758,2339.6168691741,8.101055203694631e-07
0,-65,-52,-0.7839995795,86.8721054835,2.1720838764,31.6886062012,258.9413539127,2235.5570536975,2342.9478504158,1.91387239304567e-05
0,-67,79,-1.2814900814,82.4820670861,2.0089863857,29.5756742097,264.8600029272,2226.2367805186,2324.8310504016,5.6250439196101866e-06
0,-69,-170,0.1919210645,81.8666601883,2.1708050236,31.0077509926,225.7145162066,2238.4539034365,2334.1450404776,0.0071167289
0,-69,-168,0.6861614178,90.0506894075,2.2320775377,31.8251124682,194.7401468743,2236.9049297637,2338.0750606648,2.146539347897394e-06
0,-61,-40,-0.4241493984,85.254139568,2.1390231558,30.5444731955,262.1235917693,2228.1900117285,2335.4590187871,0.0012619021
0,-66,43,0.0696342016,82.5833419486,2.1498629956,30.674301737,227.4322737028,2239.5151276943,2332.8629545118,0.0001771288
0,-64,24,0.2178210899,87.7761471245,2.1032379333,31.6428463265,238.5316793299,2237.5869624584,2338.7417672141,0.0001260907
0,-71,-77,-0.9436101998,88.0759407404,1.9763719172,30.8263542825,274.6630832353,2211.094366492,2321.4989737318,0.0028098298
0,-69,-168,0.2088650622,80.5163955448,2.2118719222,31.9801934153,217.1279869792,2243.1981943574,2333.1088721898,0.0046600453
0,-60,81,1.8077242195,91.822591603,2.1387794894,32.9547354757,204.5148794918,2247.7275945879,2334.0127043137,5.034379602102843e-05
0,-60,-37,-1.3499072985,83.3562754434,2.1147528946,29.2065055202,357.9077708878,2192.8083942177,2320.9369425524,7.6206602786
0,-57,4,0.397055753,86.1252691546,2.1402361985,32.2640697057,241.5082434314,2250.9724491646,2339.5033426789,7.945589490177125e-05
0,-71,-113,-0.0891599663,74.7731580071,2.3302251626,31.2718050272,207.8139455947,2256.4432438291,2310.5751793535,0.0021962731
0,-59,1,-0.1613400534,95.2014110207,2.1244677685,33.2959724897,233.4188263294,2239.9915201286,2335.7956427987,0.0009626363
0,-55,1,0.6325341656,82.1383847969,2.337230665,33.9160143404,220.1598608899,2235.6836623234,2329.2550691525,0.0003499657
0,-72,-104,-0.4824931205,78.0800817717,1.9198339168,30.8405677739,211.1753252802,2216.1413221634,2301.2578349417,5.123770089979795e-06
0,-56,20,0.0697097901,83.558511377,2.0289134809,33.1489246909,240.4573070696,2233.7888157766,2340.0669451869,0.0005379486
0,-69,-129,1.1014181432,79.472958921,2.2843075613,32.6384070198,206.225263815,2244.3772069498,2328.6357356092,8.195941988821007e-06
0,-61,-10,-1.331727592,83.2967641742,2.0019625369,27.5992950176,316.31335512,2216.0963596123,2324.7662358404,0.20949231
0,-58,28,0.8379508538,79.5004397534,2.2614589444,33.5636394054,233.3542459355,2234.0962416914,2330.5146584262,8.754227319026535e-05
0,-71,-85,0.3573025013,84.4335000768,2.2522127324,32.1414139385,245.5992526326,2219.3198671535,2338.6967401837,0
0,-63,34,1.0253120245,86.3115993818,2.2813975768,32.2202097356,226.6412785051,2235.3430429336,2339.3589575569,6.719006963020176e-05
0,-64,14,0.913526357,113.5305312516,2.2960597636,33.3235998663,200.0872837887,2254.1312247618,2346.1954187447,3.804664124970701e-05
0,-61,20,0.7155094766,81.8459902184,2.1591302015,32.3639209027,215.1846810165,2248.2259784717,2342.3985974697,2.55721107918848e-05
0,-71,-41,-1.1350934509,93.3584854136,2.2273593988,30.3647065048,223.8550152374,2243.9818718927,2341.5850725312,3.6445394913633534e-05
0,-64,21,0.7686193197,99.9725708491,2.1512817549,32.1805594592,219.1305809019,2242.6375916696,2343.9417700085,2.935056892306925e-05
0,-65,138,-0.3267426448,91.8473536648,2.2237890454,33.8770255046,218.268545166,2229.521639672,2334.5762651085,0.0006770037
0,-65,54,-0.1277250507,80.0651906222,2.2277021916,32.0548411094,234.9839439613,2235.3914807371,2329.4224501095,0.0016413002
0,-66,156,0.0606238243,83.0550605847,2.0182247818,31.1716515917,227.9594710246,2245.3236060776,2338.7547886848,1.0985751387759532e-05
0,-63,-150,0.7236975301,101.2427420016,2.2205451958,31.5847358515,231.9430019379,2232.8441190565,2342.2212991777,0.0017085073
0,-60,-152,-0.3317597089,82.909294766,2.3852998776,33.3946984115,241.1534435324,2249.9040802146,2322.5887038611,0.0003895903
0,-61,155,1.5611708435,82.54058866,2.0367143976,32.7461571913,220.2128197393,2234.8350181658,2328.8179177131,5.0571429765309e-06
0,-65,-16,0.5479745037,109.0392652356,2.1564486857,31.9425100357,211.7153079062,2254.9520383457,2350.0757852837,3.847105748979188e-06
0,-68,0,-1.1959859115,81.8079413749,2.1349779174,30.7854259553,262.4449942813,2234.068640393,2332.712825908,0.011936235
0,-74,-114,-1.2612799904,94.2191092968,2.2110627175,28.2027525045,273.5666351304,2216.4338961349,2315.636535294,2.271180460426526e-06
0,-61,18,0.461823244,90.4346012443,2.2014525528,30.3657041632,260.4945774487,2237.7032114082,2337.468647723,8.894817759161127e-05
0,-61,-41,-1.1817326164,84.5032201066,2.0369114802,27.0042238467,349.7286032535,2195.2613774174,2324.2381096848,3.093592077
0,-61,0,-0.9722126619,83.2453810084,2.0940786838,30.3398064176,273.6257354741,2231.027051307,2336.8206567777,0.0025375104
0,-71,174,-0.2528962956,83.6295495025,2.1328167195,32.1603593156,242.926905525,2246.1927498683,2335.2004107404,0.0002291833
0,-67,18,-0.1906564357,82.9788840235,1.960956182,33.4564959841,233.0054293811,2236.7998108344,2340.0948150858,0.0077687612
0,-67,-5,0.0895332568,90.20692399,2.1861234138,32.2133659662,241.7279690813,2240.8914638666,2343.0502012122,0.0022719957
0,-63,-15,-1.2200397308,73.8778053273,1.8194486097,25.2028076831,344.8989138524,2188.8233490572,2308.2577062041,78.31068477
0,-64,-148,0.0922787362,92.2841998899,2.1379405344,30.8244295291,278.2617573529,2215.1647682815,2334.7974669913,7.089081916130573e-05
0,-64,16,0.3193158219,100.7362564699,2.1468063375,31.8138019755,228.4376693334,2245.9276302638,2341.9405762189,0.000484841
0,-69,-115,0.9227594793,82.9077491472,2.3338765702,32.651586018,190.096298146,2260.238139355,2323.5481509839,5.169840809200623e-06
0,-64,69,0.6000196925,80.6905616995,2.3637317561,34.1996322989,189.1212558111,2258.0213657152,2330.4413616355,8.96217291732869e-07
0,-64,-33,-1.2842941139,88.0417602281,2.0906539603,30.1815115221,279.5966861368,2229.1022916348,2336.0868933352,2.73557789805342e-05
0,-66,15,0.0022174392,82.289298604,2.1002671039,29.3503986049,245.7590377517,2235.8490799016,2336.2475950736,0.0015697162
0,-66,1,0.8225560427,95.729289881,2.2498532821,32.3003156241,205.4641926051,2255.4199001733,2348.8258044029,3.273246572618728e-06
0,-73,-178,0.1895360472,80.2335973231,2.1665384929,31.3912557091,220.1366382527,2245.6214983586,2338.6382973484,3.425504831391383e-05
0,-62,40,1.161765746,82.2919872046,2.1389875619,28.9862407261,193.2333641892,2252.4115608043,2334.6701705015,0.0001814341
0,-62,1,0.4025810399,108.1822528393,2.2469091018,32.9724180895,208.7550033637,2255.714647461,2348.002605174,4.65024494590154e-05
0,-66,-32,-1.1877374001,97.188749765,2.2711435683,32.844819244,240.8692009933,2243.7166306847,2343.0115884226,0.0025736992
0,-59,15,-0.4479485326,91.5087063384,2.1159806437,31.9704617728,246.5014561134,2234.7639289886,2334.5100816171,0.0062617144
0,-65,117,-0.4717511554,97.4575362957,2.4372589253,32.6451385563,216.4973234114,2244.5906975646,2333.1076301415,0.0016072956
0,-68,-163,0.169900592,81.752197822,2.1342225767,31.0028018303,244.9142701397,2216.2869881545,2333.0621078708,5.435083691486896e-05
0,-58,-10,0.4907598552,88.1945571653,2.4262529692,32.7996099883,211.9596547881,2239.1780831793,2328.0023402856,0.037435321
0,-64,-21,0.0532569026,98.0049241534,2.2661052464,31.2520700306,227.2636311308,2248.0033647498,2344.5864592663,1.8857988051966408e-06
0,-70,2,0.3853599988,88.44814457,2.2130959987,31.0283260336,227.2523682714,2242.7587646028,2349.0975673357,9.683365466243784e-07
0,-63,-6,-0.4633522749,90.808580032,2.1994078901,28.8593069692,280.4457985084,2228.7748226566,2338.8782310285,0.0010067237
0,-55,7,0.4722992156,84.6166164609,2.2988117472,32.062026991,230.403586305,2244.8123248562,2330.1358136291,0.0002850578
0,-66,26,0.0031567937,80.932708525,2.1967965557,31.7175584641,241.05052634,2230.4208703935,2338.659878556,0.0012984513
0,-60,15,0.0159742033,87.0148405951,2.0452076373,31.1279029077,289.5835021447,2216.6375443658,2331.5369911336,0.0024258767
0,-74,175,-0.7846111212,82.936078422,2.0910563921,30.6656259799,254.6533210098,2236.1282528878,2334.6352959896,0.0002903862
0,-66,-13,0.3477703308,88.2764488178,2.2554887104,31.2444250527,224.4921002908,2246.8013542777,2345.8182008291,2.019725857484311e-05
0,-63,-154,0.8863039463,86.2869579253,2.2857048797,32.3071391185,210.2490784755,2230.4827345211,2335.2436564712,0.0017768636
0,-72,-175,0.0109194718,82.4489319096,2.2548644936,33.0164750504,215.6741222418,2240.4570864308,2338.080808125,6.679084065673645e-06
0,-56,5,0.4152771771,85.3698648953,2.273377727,33.0401909498,233.9077370757,2237.7468670108,2335.5278027602,0.0002353471
0,-59,-34,0.4222217712,87.2904977375,1.9812498669,29.6320469054,246.6012785979,2234.1450112282,2338.8281399275,3.252939406928704e-05
0,-60,14,0.2611899158,89.6447308666,2.1596986706,31.9119025003,234.7447547865,2246.0039401216,2345.1654682091,0.0018334362
0,-58,3,0.3054692096,96.290393436,2.2794923116,32.4481176896,217.8520696049,2259.0496213255,2343.0360506753,4.304388484555595e-05
0,-66,-166,1.3078215514,63.6743177676,2.371014645,34.2177405138,149.6334154092,2270.1540956118,2344.4128683396,3.784459992572784e-05
0,-63,-15,0.0619748928,106.9117594588,2.2235024341,32.7323331507,220.2204668671,2254.7117190762,2346.2609790791,2.420627044306453e-05
0,-65,-147,0.4700139651,86.0375955168,2.2617790474,32.0542092148,214.8046596644,2249.0023528964,2334.5040071396,2.211097860105509e-05
0,-71,-149,0.8842542348,87.1511666316,2.280391593,32.3549266311,215.7400531679,2235.3949691635,2333.6187460691,3.3127573402262856e-05
0,-64,8,0.6953464265,99.0746980567,2.2490380786,32.0638823413,190.3615001675,2261.1600729918,2349.000680406,0.0026916435
0,-59,152,1.3305587259,74.6193937682,2.234317346,32.8748604381,204.3279473142,2242.2095626796,2321.1374866798,9.946554521051726e-05
0,-64,-154,0.6302251068,81.4716494282,2.2443324969,31.5941732749,202.3380982926,2253.3013633028,2335.3742811574,0.0002082706
0,-63,-45,-0.8826999543,87.3575705072,1.8303129869,33.2036048654,266.0517500311,2230.9245733144,2340.5807394068,0.0001065809
0,-64,31,1.0360937468,90.193973558,2.2591265432,32.6591042063,200.3439741795,2254.6035040073,2340.6204703785,1.6159842252621492e-06
0,-58,15,0.2825471378,85.3190127121,2.1555982092,31.7215616319,241.1714559267,2240.1604900297,2348.7266341925,0.0003056852
0,-68,-13,0.0625356243,85.2311740399,2.2498611112,32.021904136,246.5868134987,2230.3167537856,2338.6512736931,0.0010555807
0,-67,-6,-0.5290884691,84.4605155145,2.2130525222,31.7407806103,231.1820541519,2242.7951355776,2336.204340055,0.0004669713
0,-70,-46,-1.4476480394,89.3682667935,2.1897102568,27.7000470877,261.6407340291,2229.9184866361,2343.0536164171,0.0005477305
0,-61,16,0.7849252484,91.4188974198,2.2059224288,32.0182588545,217.2602570349,2244.7470222116,2341.9819792166,0.0001648416
0,-66,-137,0.7086459534,79.1665382027,2.2675216746,34.4286314973,225.0060129944,2237.8913223146,2330.1031346762,7.621642701851398e-06
0,-65,76,0.0766080981,79.1651463046,2.3201638027,33.7651310581,206.4688495996,2249.3020063709,2326.9393721427,1.2601251130730708e-05
0,-65,169,0.8796896339,88.6878356844,2.2090506624,32.2081355813,216.6731143277,2243.2744284654,2333.5263231889,0.0002567488
0,-66,-36,-0.4085386856,84.7856966547,1.6887336343,24.1123980755,344.7618614309,2161.9391293142,2310.9453971168,4.8994669934
0,-68,-27,-0.0847100943,93.2006728898,2.1969971727,31.7509245155,242.4462170508,2256.6818544805,2346.9928936215,0.0050793776
0,-68,24,0.4624792488,88.8871792527,2.1277496618,31.3370837168,212.8066186511,2245.4999464398,2342.3191172232,2.840378739016413e-06
0,-65,-39,-0.668962914,96.5415430734,2.2197259334,31.6381579817,236.2557456712,2246.294426725,2346.4928204689,0.0230911331
0,-72,-123,-0.4293609404,92.7738315767,2.2851240916,32.1656379951,195.1851311734,2263.8050469148,2319.0482698149,0.0131358329
0,-61,34,0.6255630784,79.9422286632,2.2408397669,32.3768715505,233.4516331871,2233.6828021052,2322.7521427727,0.000422898
0,-67,5,0.3391343955,88.52955487,2.2209176105,32.0283093869,225.1496507013,2242.4358712025,2343.9834328447,0.0001156547
0,-69,-22,-1.5987969078,83.6832180468,2.1351515747,29.3113333737,290.5268075714,2220.2451006686,2338.3749318136,0.0448346774
0,-62,-155,1.0949917896,80.8798848264,2.281532513,32.161827248,216.4580560877,2224.8802000617,2327.8525032807,0.0010964822
0,-64,145,1.0191536831,76.9171167726,2.3134727945,32.9451916387,202.3835189806,2247.6113215946,2333.6171835164,1.420118904346636e-05
0,-64,166,1.099431804,84.0801747522,1.7825188912,31.0652408898,229.8985017126,2236.9709328727,2335.8646881428,0.0130055416
0,-61,75,1.6091969548,75.2804914103,2.4495117474,34.8471059837,186.5747086025,2246.5110970205,2331.0474694531,0.0001022302
0,-56,0,0.521161058,89.3222017208,2.3232283305,33.8008984176,220.0018899387,2240.3014550056,2333.4539528559,8.218575513701581e-05
0,-69,-31,-0.5734871786,92.3909933684,2.1852453871,31.7165098899,225.2070459007,2248.7805931689,2345.8345811032,0.0002372112
0,-62,-142,1.625446213,82.2682304133,2.1714932584,32.3626112684,225.7036316359,2232.6243561635,2335.0329377956,1.968840257626969e-05
0,-62,-148,0.4323859007,92.2653180799,2.4642295694,29.6634208282,230.8201723845,2248.6546561893,2333.9578175005,9.19253468730554e-05
0,-60,15,-0.5918159084,85.0967465221,2.0966789609,31.0705496515,262.8705276785,2227.6662129107,2330.8883472695,0.0034638234
0,-58,-36,0.5179056954,80.0972874984,1.8775896917,31.2130767785,240.8474178636,2229.2600688365,2329.699210618,2.4973510806878955e-05
0,-71,-87,-0.4152026608,94.9893794993,2.1735998671,32.0474347026,230.6880321168,2241.1611538701,2322.3585124988,0.0038221812
0,-63,145,1.4702497657,76.5529601938,2.2954674796,33.1095936683,203.5711200254,2239.4354967149,2326.0289003648,3.888967633295312e-06
0,-74,-107,-0.3786050081,89.5134887695,1.2953979373,22.4304962158,309.0921478271,2139.9774806123,2273.04300113,85.8034144614
0,-61,9,-0.257038238,101.0473672126,2.2444257632,32.1968219835,204.8934182773,2255.5918351626,2338.9752108021,0.0060122678
0,-65,-3,0.7705814456,108.289779777,2.2974503337,32.0752870746,205.338288923,2255.0700415104,2350.2199213485,7.824405780780784e-06
0,-58,8,-0.9750512915,83.5075957913,2.0184660635,30.9856555842,288.1271335698,2220.1745792345,2330.6161177855,0.0100758098
0,-61,86,0.9749133343,78.207478734,2.3229047413,33.273104989,205.1320491922,2241.0374261439,2327.3403951298,0.0001126117
0,-72,-87,-1.1661100374,102.31119157,2.9311702263,32.5524959574,273.2427825481,2209.2707119053,2323.5325576343,0.0001844054
0,-61,-8,-1.4964158332,84.2178753981,2.033761534,27.8361168212,328.894440538,2213.7660200123,2326.2341196841,0.0121999506
0,-67,-35,-0.4674402789,102.6348424566,2.3239860574,33.0340490325,217.9507947365,2251.5225653622,2346.1106824095,0.0003644208
0,-67,4,0.5911642219,85.9252723336,2.1521685379,30.4636902761,236.7478958522,2228.1047023391,2351.4032888337,3.0034925995073164e-13
0,-68,-1,1.0834682842,98.2927847218,2.2718558575,33.4477151108,187.7395884015,2262.4596691868,2351.4300862887,3.007295509025212e-06
0,-68,-47,-1.4499546336,87.5768488538,1.8415222478,27.36746753,328.9104533212,2166.0951779458,2303.6834931616,24.8800864422
0,-62,-25,0.0427857357,99.4653170947,2.2087924689,32.5121464459,219.4188204829,2248.9213069525,2345.8410024865,0.0002687239
0,-64,155,0.887730698,90.5268693205,2.2057931301,33.5642782434,186.4598573382,2248.3867194891,2338.7651274563,9.47552373065058e-06
0,-67,-9,-0.5296725311,82.9150280186,2.205753174,30.9675260791,232.1036558185,2242.1092868045,2337.0821181409,0.0002401633
0,-61,77,1.3455341071,74.3132818278,2.4146162776,34.7670279829,195.8557656993,2243.5783557052,2330.0993553686,0.0003639676
0,-65,-2,-0.4798633654,90.948539446,2.1975302424,31.1941056905,253.8273953108,2232.1596919753,2337.6665010063,0.0135943381
0,-65,-28,-0.0940964114,107.2854351793,2.3197525375,32.6264556084,234.2720433246,2247.754965846,2348.1754866113,0.000511251
0,-67,-1,0.8654464341,91.0668783522,2.2173133962,31.8190441234,194.1808895804,2260.1559801151,2348.9265006119,0.0230219147
0,-66,169,0.9307241862,90.4695455503,2.1984862988,33.2986908257,205.3801480546,2250.4765004673,2341.8860074428,0.0031390999
0,-65,141,0.2309526412,83.3470354112,2.1701745375,31.3264430947,255.1809061073,2226.7415273378,2333.140410627,5.8724775160969256e-05
0,-68,179,0.9350519456,80.0331108702,1.9909054676,29.9550779261,215.0033592521,2242.4077771826,2339.1323337895,2.2463518414977503e-05
0,-62,13,-0.2549811186,83.7647598992,2.273906653,29.4385969359,253.1468185919,2232.9116779869,2334.5862192611,0.0049513528
0,-71,171,-0.5041203097,88.855784327,2.1337302275,32.2358956232,235.9751751005,2250.2769129941,2336.2584693043,3.325853922311442e-05
0,-65,-149,1.052794623,96.9166510089,2.3424181886,33.2006823915,181.1839776114,2260.3149140383,2343.8994780375,1.3586564263542836e-05
0,-68,-38,-1.7164538742,92.7972708625,2.0934991886,29.0231680773,286.3646558251,2222.1300610427,2337.5870436979,0.062528677
0,-64,-19,-0.1715723862,83.6968443992,2.1369125593,30.6813639543,256.7340246943,2254.7510117675,2345.0055352692,0.0202106748
0,-70,-27,-0.7852008221,84.4549730499,2.1228651631,29.7434919931,272.6185668146,2231.4816118629,2341.9835747048,0.0034404467
0,-67,-68,0.7497000005,74.5124741942,1.7788213477,35.572360991,220.5772869587,2281.4206648505,2342.1886403368,4.604366983940812e-05
0,-67,175,-0.285907691,82.7346251348,2.1852440168,31.9740799981,237.759872975,2227.9994021822,2324.5893830433,0.0003445912
0,-66,-12,-0.2166616176,89.7872725666,2.2588738166,31.5884984624,188.7249629623,2270.2529115675,2345.8565610445,0.006624934
0,-66,20,0.9517080936,101.4889638211,2.2417426717,32.2838307833,204.9618433773,2245.0089935977,2348.5658726629,3.1730549593589425e-05
0,-67,16,0.6543234596,101.8604652692,2.2265042289,32.5093372295,214.9154871137,2246.8412163212,2343.5147146948,6.841699378601409e-06
0,-64,-2,0.0659376927,94.4944908586,2.2519470851,32.7971732579,208.4618278632,2255.6222927755,2344.0428468722,0.0002280398
0,-68,-159,0.9964918932,87.6144219222,2.227041196,32.389232095,191.7578802357,2256.0045503793,2342.6721940491,0.0010418028
0,-62,-149,0.8081171725,95.6758874596,2.4821683836,29.9281480631,194.8787159018,2257.9648756803,2338.2404257992,3.878578402673325e-05
0,-61,-43,-0.4379042028,88.3182808535,1.807019028,33.3199922716,256.6829499635,2233.333556331,2339.475166143,1.4589361555360292e-05
0,-63,125,0.6716287444,80.1971038135,2.1817795621,33.3919267375,206.323666023,2245.2232728641,2324.1511636586,0.0001710174
0,-66,-73,1.1415747708,83.8595919944,2.2783423952,32.9139388415,227.6807739508,2219.9623024184,2334.9802327741,0.0067654999
0,-61,-51,-1.1964711752,83.5979756694,2.0284315672,28.34308999,286.0349096632,2224.8822373958,2332.4544632782,0.0005982205
0,-68,-37,-0.0425157882,101.048644707,2.2798183977,32.0586612221,194.4127952847,2263.6284010789,2352.0648475715,0.0001208113
0,-64,-5,0.7783547815,107.3107908832,2.2032823245,34.3724079166,198.5646011425,2261.6640424613,2351.8989999449,2.4344006361685466e-06
0,-68,-51,-1.1580530683,87.9120265452,2.2066816618,31.8044013375,251.7054277794,2235.6948054637,2344.115874693,1.5467921018733046e-09
0,-63,3,-0.8965334552,82.9433342464,2.0795377578,31.7462122799,268.1012232669,2229.744896233,2335.7235240067,0.0034626629
0,-70,-29,-1.1553002066,95.3289704385,2.2708758049,31.9395220713,237.3632513777,2238.4486195583,2342.3288369848,0.0021696415
0,-66,173,0.1424400534,80.8474104679,2.0872747036,31.0203204596,240.2869611679,2229.9990135603,2324.3656913168,0.0031793427
0,-67,-140,1.37736011,80.8334976234,2.3050965551,32.9865211147,205.9096380647,2250.8413616844,2332.0339981814,5.00473395536435e-07
0,-66,10,-0.8857409429,85.425764912,2.1421204002,32.4504550342,238.819182752,2237.4647974269,2339.881235169,0.0294375172
0,-68,-21,-0.1532073475,96.0609873461,2.2495172355,31.5764145107,237.8579590878,2244.7347938861,2346.6349319042,0.0004053646
0,-64,-33,-1.179910139,82.4333766939,2.0476745831,29.443940526,264.3350606539,2233.3680387863,2338.811891362,0.0232310203
0,-66,-149,0.4003859165,83.3414470563,2.2232090929,32.0634336857,214.2144850198,2248.4431150827,2332.0404408643,0.0046563142
0,-63,112,0.6848468958,85.5246251886,2.1948117898,33.3199875194,205.5733945535,2244.0247098776,2335.1462034476,0.0003944158
0,-68,-79,0.1741795873,81.2274931133,2.3114893597,32.9966510835,248.4155169234,2227.6613351251,2326.2901280593,1.1736447403833774e-06
0,-61,-8,-1.2837178322,87.7091433021,2.0400639961,27.9115296483,320.646131756,2218.5140796618,2329.4506602524,0.003267609
0,-68,-29,-0.0879240938,94.3851817297,2.2720474435,32.3258828817,205.8050621018,2258.0579360271,2348.3334426365,5.0960375323542834e-05
0,-61,-26,0.0110752058,105.4890438329,2.2339705755,32.0199625258,232.711191542,2249.7726969407,2345.6072170594,0.0011933626
0,-69,-74,0.2452600247,96.12159505,2.4482116672,34.550655206,187.4713704596,2231.9894868255,2342.6393237533,1.781370524524371e-07
0,-67,-146,0.7507522309,85.7174528452,2.3154404412,32.1638662049,208.8981194759,2251.8045747118,2337.5917255463,1.1734159914013892e-05
0,-65,158,0.2936993655,84.883784999,2.1279846141,31.7513596901,224.4719849412,2244.1125066887,2337.9900376425,0.0576503509
0,-65,117,-0.8342782087,92.5315802172,2.3059200103,32.6097946552,229.2352840815,2242.2847793403,2328.8212483188,0.0023460251
0,-62,-28,-0.4487743429,106.9481300122,2.2058871281,31.2164051691,250.3255006388,2243.4086758738,2344.4479389638,0.0208600954
0,-66,-134,1.4098343125,72.9832729417,2.3598331088,33.1438980595,197.9374903439,2252.9785083578,2325.975334832,8.450834681861887e-06
0,-64,-34,-0.0999979787,102.9488564365,2.1174892419,31.8475895752,212.0949902982,2257.8260147937,2350.2122061485,2.165416297111405e-07
0,-60,9,0.2964002023,110.7828130799,2.3822871817,32.6407540621,209.2204561841,2261.4800222061,2345.0930288788,8.429366169443847e-05
0,-65,163,0.0233789633,87.0142461304,1.959939407,32.1900909098,237.2298311752,2234.2887012509,2338.6903714564,6.87955422979178e-05
0,-67,3,0.1636379178,94.6081604098,2.2264873524,32.3559468852,213.3896476064,2251.262165207,2343.5652808646,0.0002672164
0,-67,173,0.1006073081,85.0953659731,2.224567396,31.5506775028,216.0432469036,2244.1661730659,2329.0993808916,0.0023611414
0,-59,-9,0.4341826489,87.887387393,2.1998325529,31.0042076011,225.0155006385,2243.1145747817,2328.9029962387,3.0498358666683317e-06
0,-66,-6,-0.1356123978,93.5870118671,2.2053555934,31.9173442065,240.3713393993,2242.9947068635,2343.4768403778,0.0021180035
0,-61,58,1.2586483136,72.6634006184,2.2716750483,29.7652044678,195.3865269465,2244.4343538417,2324.3863234671,8.553897208114962e-05
0,-66,-34,-0.2035469241,99.7963301523,2.2976006339,32.6621827568,237.5408845351,2250.8851218519,2348.6031067517,0.0016101452
0,-65,-75,0.7744826231,82.7296290827,2.3773299063,34.0361829944,206.9434152775,2216.8846621676,2305.8093317737,0.006429185
0,-56,15,-0.234831461,84.9442708087,2.2360655938,31.3171838112,277.7395982056,2224.0001341147,2332.9000244887,0.0002242011
0,-65,69,-0.6337082318,75.9993227599,2.2961980839,32.5512305552,208.3382436248,2246.9475594398,2320.2176792142,0.0014906096
0,-59,-28,0.2658834127,89.0127925793,2.1806412074,32.6020772165,227.9520955126,2241.1162617682,2336.4999683177,0.0047813834
0,-68,-147,1.0293662937,83.1978256555,2.266415863,32.6638000977,188.6778654756,2270.1256222934,2344.9760816992,0.0132574573
0,-72,-126,-1.2279939854,83.0341091215,2.2291150621,30.998385347,266.5817494747,2217.5648695263,2311.9055270604,2.9286365614462256e-05
0,-67,70,-1.5417153198,80.3924198681,2.11281014,31.393600214,208.348393904,2244.4439812103,2324.9932105565,3.473891711858618e-05
0,-62,-29,-0.3190993824,93.8523192607,2.0157731666,31.8483304906,246.8710882234,2239.6541435495,2338.6442889619,7.649882695753043e-05
0,-60,11,-0.1542536134,83.5893291543,2.0930114706,31.0729971801,268.2353635951,2233.2733626364,2334.0890970726,0.0008978772
0,-67,-38,0.0620146489,108.2574028507,2.355465813,34.0567794892,201.0963234998,2260.674459059,2351.2622966194,1.9545275278924252e-05
0,-61,119,1.6084624357,72.0347938923,2.3512513873,34.514965715,188.3641447405,2243.8200327387,2325.2857520145,4.77920743881289e-07
0,-73,-107,-1.6310118759,90.7437767485,2.189613433,31.7442437877,279.9076089691,2196.35040556,2290.8190771745,0.0026133874
0,-74,-106,-1.7384170053,91.1814866066,2.2467475657,26.1689006463,242.4276153632,2229.6855890849,2295.0978760389,6.451339539004472e-05
0,-71,-83,-0.3296960622,88.6452347999,2.21080706,31.9783958029,269.0217677072,2230.4412759304,2327.3660807919,4.048472692443099e-06
0,-67,-69,0.7921675769,88.755843397,2.0334017888,31.02693257,207.2450160521,2250.1482469399,2348.231567867,1.354608460790168e-06
0,-54,24,-0.5171456173,72.4365108627,1.6513802025,23.7119542209,347.9105731891,2177.5288485016,2306.0999202031,76.8079241431
0,-61,-17,-0.9159386037,69.0241096453,1.7966330962,24.9852491877,353.8866783103,2172.2587811878,2302.5363152116,79.2777187705
0,-74,-114,-1.957310021,86.257625577,2.2094085219,31.3764791228,286.319306016,2219.9609511175,2296.5531870874,0.0002632645
0,-65,11,0.8374822387,105.1230876589,2.3112814491,33.5634106461,196.0649315946,2255.1130066766,2345.5854602818,3.759520768429535e-05
0,-64,56,0.2804379664,77.8608849488,2.2659082803,34.5159247076,214.5550052716,2243.3539664847,2326.6021398799,0.0002111097
0,-68,-11,0.1787557673,82.3617894361,2.2007559995,30.4716038155,265.5831283726,2229.520179171,2345.4757281224,0.0001517952
0,-72,-114,-0.4540117005,91.3992554161,2.249585056,30.3067067062,245.0280974233,2227.9414895915,2321.4129939067,1.1245102098585654e-05
0,-71,-153,0.5910534511,79.808502435,2.2095718569,31.2037541854,229.4740882518,2221.6420293065,2335.9469691549,1.044615341717333e-06
0,-66,-5,0.6980040055,102.8973438308,2.2675861181,32.6135076076,213.8578841289,2250.2058796325,2349.016227146,0.0002727262
0,-67,-13,0.3465033575,86.0078828286,2.3755967115,31.4441049978,208.8464369718,2251.1788723428,2347.3499803889,4.294182179576164e-06
0,-69,-128,0.5302352788,78.6974494222,2.2218736146,31.4336107313,226.05075556,2246.1033620842,2327.1618332066,3.951769417170453e-05
0,-63,148,1.6750198609,76.7992312169,2.3669309189,33.7691251861,196.7760434573,2240.4034877794,2332.5572901576,0.0002077173
0,-67,63,-0.5751900151,87.9747282267,2.671161412,31.7439930141,206.4591259956,2258.4311247161,2333.8663587642,0.0002000253
0,-62,-25,-0.3940307891,101.010187192,2.2688173812,31.0056361173,245.4523711389,2245.4126281581,2343.8619453451,0.0113036529
0,-64,-16,-0.3694194148,95.6147172799,2.185812525,31.4487170177,221.057900948,2251.6499415979,2344.0747134541,0.0072897196
0,-61,-20,-0.1734159511,88.5111972781,2.1537548656,32.3589899745,231.163492884,2235.2107364053,2336.5604103002,0.0033286394
0,-68,-52,-1.2162362314,85.9977058639,2.1609013487,25.6673947675,260.8402838172,2230.0572849868,2340.8471483234,8.94593791441258e-06
0,-61,-6,0.5090047151,106.3853263201,2.3178677987,33.0952093569,207.7843573288,2250.9697340118,2346.1824447045,0.0235419699
0,-72,-76,-1.6546000224,126.2067337111,3.0264561176,35.9532737657,238.8394623399,2221.7138039931,2320.6334727008,1.0078413668
0,-63,49,0.4536582664,80.6298680022,2.3112758487,33.1800744838,207.132526441,2246.3651425711,2327.2881403176,0.0001198667
0,-34,-75,10.7306278361,18.3215379269,2.9045539633,26.4413229423,134.0585902766,2170.6189912906,2266.6837899401,0.0002143404
0,-58,6,-0.0080793231,84.1004561486,2.0714184233,31.666549433,269.4320945653,2248.7392374806,2338.32526109,0.0001773258
0,-67,7,0.3060938029,89.2836587659,2.2264211968,31.9226353596,226.4552263743,2240.7414153753,2343.510868106,7.639924065761806e-05
0,-67,-127,1.1953263708,70.5230461158,2.2704149294,33.8855836362,200.1305426325,2244.3772401047,2324.3631311143,0.0035998146
0,-67,-140,1.434103201,90.1924607042,2.4791104708,32.810654333,210.2504300175,2247.9635321737,2329.8729816064,2.113410975676989e-06
0,-58,82,1.3585833357,85.2168387516,2.4226513406,33.156465285,190.9301568237,2250.2388701603,2331.2767181391,7.7578089156339e-06
0,-66,-28,-0.6922111333,112.17411107,2.3013496397,32.9681818187,256.8792819313,2237.9670301296,2345.2720037162,0.0004656224
0,-63,25,0.7354420851,88.2304348791,2.2544668815,32.409857632,225.802911673,2239.790480478,2337.1469413631,4.270092187822227e-05
0,-67,11,-0.6584011059,89.4450917627,2.1638845444,30.8657605577,248.3343688077,2232.3208411006,2337.2703116074,0.0013451706
0,-69,-16,0.3906939478,98.8829549333,2.2542877973,32.7300345997,207.8857023376,2257.6454205214,2349.1011514619,2.094729668076196e-06
0,-60,-1,0.0824577395,101.6639985248,2.2868709225,33.1905917989,223.0824936442,2240.1018577474,2342.972091741,0.0284962406
0,-62,-1,-0.0005157724,85.8820880974,2.171697778,31.0934929654,237.4554202017,2241.6824843238,2336.974510404,0.0004673057
0,-64,155,1.3465330213,82.9059121011,2.3009471047,33.1691316509,199.4385395289,2248.9582720504,2341.9541478131,0.0038503489
0,-65,8,0.6331789722,95.6268870318,2.2400608404,31.8577678814,193.6979470095,2256.4947959483,2347.6373436954,0.0186665461
0,-60,9,-0.1455408122,98.0860024706,2.2963618035,31.4972050912,229.4048066057,2248.2908621608,2344.6152992685,0.018977953
0,-59,-3,0.1260341211,91.3141637285,2.2423369284,31.3159231193,231.8509496926,2239.6715804328,2333.5945454538,3.276919609531843e-05
0,-59,-10,0.6630963615,86.880528034,2.25017082,31.3705387645,216.9315234199,2243.7781573601,2335.1210393814,7.13000772650762e-05
